Time	Text	Length	Number	Rocket_type	Rocket_number	for_search	Updated_date	Update_info	memo	
01/01 07:00:00	【今日の人工衛星】1/1 1990年：JCSAT-2 日本のJSAT(現・スカパーJSAT)保有の通信衛星。タイタンIIIロケットで打上、東経154度からサービスを提供。現在は寿命が切れている。	97	n010101d							
01/02 07:00:00	【今日の人工衛星】1/2 1959年：ルナ1号 旧ソ連の月探査機。旧ソ連は失敗した打上に番号を振らないため、月を目指した探査機としては4機目。月着陸には失敗したが人類初の人工惑星となった。	94	n010201d							
01/03 07:00:00	【今日の人工衛星】1/3 1999年：マーズ・ポーラー・ランダー アメリカの火星探査機。火星の近傍までは無事に到着したものの、通信が途絶え、行方不明となった。現在も探査機の跡は見つかっていない	96	n010301d							
01/04 07:00:00	【今日の人工衛星】1/4 1963年：スプートニク25号 旧ソ連の月探査機。世界初の月軟着陸を目指し着陸機を搭載。月面の写真を撮影する予定だったが、地球周回軌道からの脱出に失敗、大気圏に再突入した。	99	n010401d							
01/05 07:00:00	【今日の人工衛星】1/5 1969年：ベネラ5号 旧ソ連の金星探査機。ベネラ4号の観測結果を踏まえ、大気の測定がより精密に出来るようにされていた。	73	n010501d							
01/06 07:00:00	【今日の人工衛星】1/6 2003年：Coriolis アメリカの打ち上げた衛星。海面を吹く風を観測するWindSatと、太陽からの物質の放出を観測するSMEIを搭載	83	n010601d							
01/07 07:00:00	【今日の人工衛星】1/7 1998年：ルナ・プロスペクター アメリカの月探査機。クレメンタインの観測が示唆した月面の氷の存在の検証が重要な目的。中性子線分光計により水素の存在が確認され、水の存在の示唆が得られた	105	n010701d							
01/08 07:00:00	【今日の人工衛星】1/8 1985年：さきがけ　日本のハレー彗星探査機。8/19に打ち上げられた「すいせい」の姉妹機にあたり、さきがけでの経験が「すいせい」にフィードバックされた。	90	n010801d	J_M3S2	1	J_M3S2_1				
01/08 04:26:00	★1985年の今日1/8 4:26、M-3SIIロケット1号機でハレー彗星探査試験機さきがけが打ち上げられました。	57	n010801t1	J_M3S2	1	J_M3S2_1				
01/09 07:00:00	【今日の人工衛星】1/9 1990年：STS-32 スペースシャトル・コロンビアの打上。通信衛星の打ち上げと、長期暴露試験衛星LDEFの回収が目的。LDEFは6年間も宇宙を漂っていた。	92	n010901d							
01/10 07:00:00	【今日の人工衛星】1/10 1969年：ベネラ6号 旧ソ連の金星探査機。ベネラ4号の観測結果を踏まえた改良がなされた、1/5打上の5号の同型機。5,6号ともに金星に無事到達、降下カプセル投下にも成功。	100	n011001d							
01/11 07:00:00	【今日の人工衛星】1/11 1996年：STS-72 エンデバーの打上、若田光一飛行士の初のフライト。H-IIロケットで打ち上げた宇宙実験・観測フリーフライヤ (SFU)の回収が主な目的であった	97	n011101d							
01/12 07:00:00	【今日の人工衛星】1/12 2005年：ディープインパクト　アメリカの探査機。テンペル１彗星に衝突体を衝突させ、クレーターを生成、彗星の内部構造を調査するもの。調査は無事成功。現在はエキポシと改名、他の彗星などを観測	108	n011201d							
01/13 07:00:00	【今日の人工衛星】1/13 1993年：STS-54 スペースシャトル・エンデバーの5回目の打上。データ中継衛星TDRS-Fの打上などを実施。	71	n011301d							
01/14 07:00:00	【今日の人工衛星】1/14 1996年：Koreasat2 韓国通信(KT)が保有する通信・放送衛星。放送衛星の任務はKoreasat3に引き継がれている。	78	n011401d							
01/15 07:00:00	【今日の人工衛星】1/15 1991年：Italsat 1 イタリア初の実用の通信衛星。12,000回線分の通信が可能。現在は引退し墓場軌道に移っている	76	n011501d							
01/15 07:01:00	【今日の人工衛星】1/15 1995年：自立帰還型無人宇宙実験システム(EXPRESS) M-3SIIロケット8号機で打上。軌道再突入試験を目的としていたが実験は失敗。機体はガーナに着陸しており、翌年回収された。	106	n011502d	J_M3S2	8	J_M3S2_8				
01/15 22:45:00	★1995年の今日1/15 22:45、M-3SIIロケット8号機で自立帰還型無人宇宙実験システム(EXPRESS) が打ち上げられました。重量過多による異常振動のため予定の軌道には投入できず実験は失敗しました。機体自体は翌年回収されました。	121	n011502t1	J_M3S2	8	J_M3S2_8				
01/16 07:00:00	【今日の人工衛星】1/16 2003年：STS-107 スペースシャトル・コロンビアの打上。コロンビアは、同年2月1日の地球帰還時に空中分解事故を起こしている。 	81	n011601d							
01/17 07:00:00	【今日の人工衛星】1/17 1968年：Ferret 11 アメリカの軍事衛星。ソ連の防空レーダーの観測、音声通信の傍受、ミサイルや衛星の通信の記録などを行った	80	n011701d							
01/18 07:00:00	【今日の人工衛星】1/18 1963年：1965-003A アメリカ空軍の打ち上げた物体。詳細情報はNSSDCからは確認できず。1979年に消滅した模様。	77	n011801d							
01/19 07:00:00	【今日の人工衛星】1/19 2006年：ニューホライズンズ アメリカの惑星探査機。人類初の冥王星探査機である。打ち上げ直後の速度30km/sは史上最速、月軌道および木星までも史上最速で駆け抜け、冥王星を2015年から2016年にかけて探査。その後は太陽系外縁天体を観測予定。	137	n011901d				20180404	修正		
01/20 07:00:00	【今日の人工衛星】1/20 1978年：プログレス1号 旧ソ連・ロシアの宇宙補給船プログレスの初号機。サリュート6号への物資輸送に使用した。その後プログレスは42機作成、現在は次々世代のプログレスが使用されている	106	n012001d							
01/21 07:00:00	【今日の人工衛星】1/21 1964年：Relay 2 アメリカの実験通信衛星。初の太平洋横断TV中継を行ったのはRelay1だが、その同型機	71	n012101d							
01/22 07:00:00	【今日の人工衛星】1/22 2011年：HTV-2 日本の宇宙ステーション補給機の2号。このときから「こうのとり」の愛称がつけられた。国際宇宙ステーションへの補給を無事に完了した。	90	n012201d	J_H2B	2	J_H2B_2				
01/22 14:37:57	★2011年の今日1/22 14:37、H-IIBロケット2号機で宇宙ステーション補給機こうのとり2号機(HTV-2)が打ち上げられました。	70	n012201t1	J_H2B	2	J_H2B_2				
01/23 07:00:00	【今日の人工衛星】1/23 1984年：ゆり2号a　日本の放送衛星。打ち上げ直後に太陽電池の故障が見つかったため、NHKの衛星放送は2チャンネルの予定を1チャンネルに縮小することを余儀なくされた	97	n012301d							
01/23 07:01:00	【今日の人工衛星】1/23 2009年：いぶき　日本の地球観測衛星。温室効果ガス測定を目的としている。当初の計画に変更が加えられ、京都議定書への寄与する観測に重点が絞られている	88	n012302d	J_H2A	15	J_H2A_15				
01/23 12:54:00	★2009年の今日1/23 12:54、H-IIAロケット15号機で温室効果ガス観測技術衛星いぶき（GOSAT）と相乗り衛星7基が打ち上げられました。	75	n012302t1	J_H2A	15	J_H2A_15				
01/23 13:18:00	★H-IIAロケット15号機の打上から24分後、小型実証衛星1型（JAXA）が分離されました。	47	n012302t2	J_H2A	15	J_H2A_15				
01/23 13:22:00	★H-IIAロケット15号機の打上から28分後、雷神（東北大・スプライト観測衛星）が分離されました。	50	n012302t3	J_H2A	15	J_H2A_15				
01/23 13:26:00	★H-IIAロケット15号機の打上から32分後、まいど1号（東大阪宇宙開発協同組合）が分離されました。	51	n012302t4	J_H2A	15	J_H2A_15				
01/23 13:30:00	★H-IIAロケット15号機の打上から36分後、かがやき（ソラン（株））が分離されました。	45	n012302t5	J_H2A	15	J_H2A_15				
01/23 13:34:00	★H-IIAロケット15号機の打上から40分後、輝汐（航空高専）が分離されました。	41	n012302t6	J_H2A	15	J_H2A_15				
01/23 13:39:00	★H-IIAロケット15号機の打上から45分後、空海（香川大学）が分離されました。	41	n012302t7	J_H2A	15	J_H2A_15				
01/23 13:43:00	★H-IIAロケット15号機の打上から49分後、ひとみ（東京大学）が分離されました。	42	n012302t8	J_H2A	15	J_H2A_15				
01/24 07:00:00	【今日の人工衛星】1/24 2006年：ALOS[だいち] 地球観測衛星、H-IIA 8号機で10:33に打ち上げ。東日本大震災直後の被災地の観測も行っていたが、2011年4月22日に活動が停止してしまい、5月12日に運用が停止された。	118	n012401d	J_H2A	8	J_H2A_8				
01/24 10:33:00	★2006年の今日1/24 10:33、H-IIAロケット8号機で地球観測衛星だいち(ALOS)が打ち上げられました。	59	n012401t1	J_H2A	8	J_H2A_8				
01/24 07:01:00	【今日の人工衛星】1/24 1990年：MUSES-A[ひてん] 工学実験衛星、M-3SII 5号機で20:46打ち上げ。初のエアロブレーキ実験に成功、日本がスウィングバイを含め衛星を自由に操る技術を習得することができた。	111	n012402d	J_M3S2	5	J_M3S2_5				
01/24 20:46:00	★1990年の今日1/24 20:46、M-3SIIロケット5号機で工学実験衛星ひてん（MUSES-A）が打ち上げられました。	63	n012402t1	J_M3S2	5	J_M3S2_5				
01/25 07:00:00	【今日の人工衛星】1/25 1994年：Clementine[クレメンタイン] 月探査衛星。月の南極に常に日光が当たらない領域(永久影)を発見。水の存在の示唆を得る。タイタン23Gで8:34に打ち上げ。	101	n012501d							
01/26 07:00:00	【今日の人工衛星】1/26 1978年：IUE[別名：エクスプローラー57号]紫外線天文衛星、アメリカ航空宇宙局(NASA)/欧州宇宙機関(ESA)/イギリス科学研究評議会(SRC)の共同開発。 	98	n012601d							
01/27 07:00:00	【今日の人工衛星】1/27 2000年：JAWSAT/ASUSat1他 JAWSATは複数の子衛星を射出できる衛星、アマチュア衛星を4個放出。 参考： https://www.jamsat.or.jp/oscar/jawsat/index.html	124	n012701d							
01/27 07:01:00	【今日の人工衛星・番外編】1/27 1967年：アポロ1号事故　発射台にて発射の予行演習中に火災が発生、船長ガス・グリソム、副操縦士エドワード・ホワイト、飛行士ロジャー・チャフィーの3人の飛行士が犠牲となった。ガス・グリソムはマーキュリー計画の飛行士の1人。	129	n012702d							
01/28 07:00:00	【今日の人工衛星】1/28 1986年：スペースシャトル「チャレンジャー号」爆発事故、7名の乗員が犠牲になり、TDRS-B[データ中継衛星]/Spartan(ハレー彗星観測衛星)が失われた。 	96	n012801d							
01/29 07:00:00	【今日の人工衛星】1/29 1964年：Saturn-SA5[サターンI型ロケット]5回目の打ち上げ実験。アポロ計画における初の搭載物が地球周回軌道投入、総重量は16t以上に及んだ。 	92	n012901d							
01/30 07:00:00	【今日の人工衛星】1/30 1969年：ISIS 1 カナダの電離層研究のための科学衛星、1984年の運用終了後、1990年まで日本が使用した。  どういう経緯で日本が使用権を得たんだろう…	95	n013001d							
01/31 07:00:00	【今日の人工衛星】1/31 1966年：ルナ9号 世界初の月面軟着陸。1971年：アポロ14号 アメリカ人初の宇宙飛行士アラン・シェパードが船長。彼は人類初の月面ゴルフをした。 	89	n013101d							
02/01 07:00:00	【今日の人工衛星】2/1 1958年：エクスプローラー1号 米国初の人工衛星。重量13kg、スプートニク1号の83kgより軽量。 そして、2003年のコロンビア号空中分解事故の日でもあります… 	97	n020101d							
02/02 07:00:00	【今日の人工衛星】2/2 2007年：北斗2A号(1D号とも) 北斗-2計画の初号機。現在使用されているかは不明。 2009年：オミド イラン初の国産人工衛星。イラン革命30周年記念。  	94	n020201d							
02/02 07:01:00	補足：イランは自力の打ち上げ能力を持つ9カ国目。V2ロケット⇒ソ連：スカッド⇒北朝鮮：ノドン⇒イラン：シャハブ（弾道ミサイル）⇒イラン：サフィール　という流れで打上能力を確保。その後、北朝鮮とニュージーランド・韓国も打上能力を獲得し、合計12ヶ国が人工衛星打上実績を持つ。	136	n020201d1				20240224	修正	ニュージーランドを数えない場合もある	
02/03 07:00:00	【今日の人工衛星】2/3 1966年：ESSA 1 米国環境科学局が管理する気象衛星1号機	45	n020301d							
02/03 07:01:00	【今日の人工衛星】2/3(UTC) 1994年：VEP[みょうじょう]H-IIロケット性能確認用ペイロード、OREX[りゅうせい]大気圏再突入実験衛星、H-II 1号機で打ち上げ	89	n020302d	J_H2	1	J_H2_1				
02/03 07:02:00	【今日の人工衛星】2/3   2018年：TRICOM-1R （たすき） SS-520   5号機により打ち上げ。SS-520は観測ロケットであったが、超小型衛星打ち上げ機への転用能力実証のため打ち上げられ、ギネス記録「実際に人工衛星を打ち上げた史上最小のロケット」に認定された    https://www.jaxa.jp/press/2018/04/20180427_guinness_j.html 	202	n020303d	J_SS520	5	J_SS520_5	20240318	追加		
02/03 14:03:00	★2018年の今日2/3 14:03:00、SS-520ロケット5号機によりTRICOM-1R（たすき）が打ち上げられました。この打ち上げは、のちにギネス記録「実際に人工衛星を打ち上げた史上最小のロケット」に認定されました。 https://www.jaxa.jp/press/2018/04/20180427_guinness_j.html 	172	n020303t1	J_SS520	5	J_SS520_5	20240318	追加	時刻はこちら https://www.jaxa.jp/press/2018/02/20180203_ss-520-5_j.html	
02/04 07:00:00	【今日の人工衛星】2/4 2002年：DASH[高速再突入実験機]・つばさ[民生部品・コンポーネント実証衛星] H-IIA 2号機、 1978年：EXOS-A[きょっこう]オーロラ観測、M-3H 2号機 1983年：さくら2A 静止通信衛星、N-II 3号機	129	n020401d	J_M3H	2	J_M3H_2				
02/04 07:20:00	★1994年の今日2/4 7:20、H-IIロケット1号機が打ち上げられました。日本のロケットとして主要技術を全て国内で開発した初めてのロケットでした。	76	n020401t1	J_H2	1	J_H2_1				
02/04 11:45:00	★2002年の今日2/4 11:45、H-IIAロケット2号機でDASH[高速再突入実験機]・つばさ[民生部品・コンポーネント実証衛星]が打ち上げられました。打上自体は成功しましたが、DASHはフェアリングからの分離に失敗しました。	116	n020401t2	J_H2A	2	J_H2A_2				
02/04 16:00:00	★1978年の今日2/4 16:00、M-3Hロケット2号機でオーロラ観測衛星EXOS-A[きょっこう]が打ち上げられました。	63	n020401t3	J_M3H	2	J_M3H_2				
02/05 07:00:00	【今日の人工衛星】2/5 1987年：ASTRO-C[ぎんが]X線天文衛星、M-3SII 3号機で打ち上げ。超新星1987Aの観測に成功。1991年11月1日に大気圏に突入し消滅。	90	n020501d	J_M3S2	3	J_M3S2_3				
02/05 15:30:00	★1987年の今日2/5 15:30、M-3SIIロケット3号機でX線天文衛星ASTRO-C[ぎんが]が打ち上げられました。	62	n020501t1	J_M3S2	3	J_M3S2_3				
02/06 07:00:00	【今日の人工衛星】2/6 1979年：あやめ1号 N-I 5号機で打ち上げ、静止衛星軌道への投入失敗。日本のかつての苦労が偲ばれます。	67	n020601d	J_N1	5	J_N1_5				
02/06 17:46:00	★1979年の今日2/6 17:46、N-Iロケット5号機であやめ1号が打ち上げられました。静止トランスファ軌道への投入は成功したものの、アポジモーター噴射中に通信が途絶、静止軌道への投入は失敗しました。	102	n020601t1	J_N1	5	J_N1_5				
02/07 07:00:00	【今日の人工衛星】2/7 1999年：スターダスト 彗星の塵を初めて回収。2004年にヴィルト第2彗星の塵を採取、2006年にカプセルは帰還。2011年2月14日にテンペル第1彗星をフライバイ、ディープインパクトが作ったクレーターを観測した。同年3月24日に運用終了。	134	n020701d							
02/07 07:01:00	【今日の人工衛星】2/7 1990年もも1号b 日本の海洋観測衛星。伸展展開機能実験ペイロード「おりづる」、アマチュア無線衛星「ふじ2号」と同時に打上。	76	n020702d	J_H1	6	J_H1_6				
02/07 10:33:00	★1990年の今日2/7 10:33、H-Iロケット6号機でもも1号bが、伸展展開機能実験ペイロード「おりづる」、アマチュア無線衛星「ふじ2号」と同時に打ち上げられました。	86	n020702t1	J_H1	6	J_H1_6				
02/08 07:00:00	【今日の人工衛星】2/8 1985年：Arabsat1,Brazilsat1 アラブ同盟とブラジルの通信放送衛星、アリアン3で同時打ち上げ。	70	n020801d							
02/09 07:00:00	【今日の人工衛星】2/9 1969年：TacSat1 アメリカの軍事衛星。 1983年：NOSS1-4 アメリカの偵察衛星システム。3つの衛星が組みになって無線送信を探知する。	88	n020901d							
02/10 07:00:00	【今日の人工衛星】2/10 1998年：GFO(Geosat Follow-On) 海面と衛星の距離を3.5cmの精度で測定できる衛星。2008年10月22日に運用停止。 http://gfo.wff.nasa.gov/	110	n021001d							
02/10 07:01:00	【今日の人工衛星】2/10 2000年：ASTRO-E X線天文衛星。M-Vロケット4号機で打ち上げたが、1段目のノズル破損により速度不足となり、打上に失敗した。	81	n021002d	J_M5	4	J_M5_4				
02/10 10:30:00	★2000年の今日2/10 10:30、M-Vロケット4号機が打ち上げられましたが、1段目のノズル破損によりX線天文衛星ASTRO-Eの打上は失敗しました。M-Vロケット唯一の打上失敗です。	95	n021002t1	J_M5	4	J_M5_4				
02/11 07:00:00	【今日の人工衛星】2/11 1970年：おおすみ 日本初の人工衛星。世界で4番目に自力打ち上げに成功した。 1992年：ふよう 地球資源衛星。日本初の合成開口レーダー搭載衛星。6年間活動した。	96	n021101d	J_L4S	5	J_L4S_5				
02/11 13:25:00	★1970年の今日2/11 13:25、日本初の人工衛星おおすみが打ち上げられました。世界で4番目。世界でも希有な「民生技術として開発された」ロケット。「無誘導重力ターン」で軌道投入という点も特徴的です。おおすみは2003年8月2日まで飛び続けました。	126	n021101t1	J_L4S	5	J_L4S_5				
02/11 07:01:00	【今日の人工衛星】2/11 1981年：きく3号　N-IIロケットの静止トランスファ軌道投入性能の確認、大型衛星の開発技術の習得を目的とした。ETS-IVであるがETS-IIIと打上順序が入れ替わったため、打上順につけられた愛称は3号となっている	123	n021102d	J_N2	1	J_N2_1				
02/11 10:50:00	★1992年の今日2/11 10:50、H-Iロケット9号機で地球観測衛星ふよう1号が打ち上げられました。	53	n021102t1	J_H1	9	J_H1_9				
02/11 17:30:00	★1981年の今日2/11 17:30、N-IIロケット1号機できく3号が打ち上げられました。N-IIロケットの性能試験を兼ねた打上でした。	70	n021102t2	J_N2	1	J_N2_1				
02/12 07:00:00	【今日の人工衛星】2/12 2000年：Garuda1 インドネシアの静止衛星、ACesという衛星通信・電話サービスを提供。 1986年：BS-2B[ゆり2号b] ゆり2号aのバックアップだか、2号a・ゆり3号aの不具合があり、それぞれをサポートした。	126	n021201d							
02/12 07:01:00	【今日の人工衛星】2/12 1997年：はるか(MUSES-B) 電波天文衛星。M-Vロケット初号機で打上。地上の電波望遠鏡と連携して巨大な電波望遠鏡と同等の性能を出すVLBIの宇宙側の望遠鏡として打上られ、スペースVLBIを実現した。	118	n021202d	J_M5	1	J_M5_1				
02/12 13:50:00	★1997年の今日2/12 13:50、M-Vロケット1号機で工学試験衛星はるか(MUSES-B)が打ち上げられました。	60	n021202t1	J_M5	1	J_M5_1				
02/13 07:00:00	【今日の人工衛星】2/13 1981年：コスモス1245号　旧ソ連の偵察衛星ゼニット6。低高度からの高解像度ミッションと、高高度からの広範囲観測ミッションの双方に使用。なぜ軍事衛星かというと、これしか衛星がないのよね…	109	n021301d							
02/14 07:00:00	【今日の人工衛星】2/14 1984年：おおぞら 中層大気観測衛星。打ち上げ時にロケットと衝突したものの、当初計画した科学的成果を上げた。1980年：SMM 太陽観測を行ったNASAの衛星。1984年にはチャレンジャー号により修理を受ける。	120	n021401d							
02/15 07:00:00	【今日の人工衛星】2/15 1967年：Diademe 2 フランスの測地衛星。予定より低い高度に投入された。打ち上げはディアマンAロケットで、アルジェリアにあったアマギール射場からの最後の衛星。	98	n021501d							
02/16 07:00:00	【今日の人工衛星】2/16 1971年：たんせい1号 Muロケット初の衛星、ロケットの性能確認が主目的。名前の由来は東大のスクールカラーの「淡青」。 1974年：たんせい2号 衛星制御システムの試験を目的とした衛星	107	n021601d	J_M4S	2	J_M4S_2				
02/16 13:00:00	★1971年の今日2/16 13:00、M-4Sロケット2号機でたんせい1号が打ち上げられました。	49	n021601t1	J_M4S	2	J_M4S_2				
02/16 14:00:00	★1974年の今日2/16 14:00、M-3Cロケット1号機でたんせい2号が打ち上げられました。	49	n021601t2	J_M3C	1	J_M3C_1				
02/16 07:01:00	【今日の人工衛星】2/16 1961年：Explorer 9 大気密度測定を目的とした衛星。純粋な固定燃料ロケットで初めて打ち上げられた衛星。1978年：うめ2号 1976年打ち上げの1号が1ヶ月で機能しなくなったために打ち上げられた。	118	n021602d							
02/16 07:02:00	【今日の人工衛星】2/16 1999年：JCSAT-6 JSAT（現・スカパーJSAT）が保有する通信衛星。東経124度の位置で運用されていたが2013年に東経82度へ移動、4Aから改名。2013年に運用終了。	105	n021603d				20170515	修正		
02/17 07:00:00	【今日の人工衛星】2/17 1996年：NEARシューメーカー 初めて小惑星とランデブーした衛星。小惑星エロスを探査。 2007年：THEMIS NASAのオーロラ嵐の引き金となる現象を調べる衛星。5機同時に打ち上げ観測。	111	n021701d							
02/17 07:01:00	【今日の人工衛星】2/17 1980年：たんせい4号 M-3Sロケットの打ち上げ性能試験、及び後続の科学衛星で使われる様々な技術の試験が目的。	71	n021702d	J_M3S	1	J_M3S_1				
02/17 09:40:00	★1980年の今日2/17 9:40、M-3Sロケット1号機でたんせい4号が打ち上げられました。	48	n021702t1	J_M3S	1	J_M3S_1				
02/17 07:02:00	【今日の人工衛星】2/17 2024年：ロケット性能確認用ペイロード（VEP-4） + CE-SAT-IE + TIRSAT H3ロケット2号機の打ち上げ性能・失敗の再発防止策の検証を目的とした打ち上げ。無事に成功し副衛星2機を軌道投入した。	121	n021703d	J_H3	2	J_H3_2	20240225	追加		
02/17 09:22:55	★2024年の今日2/17 9:22:55、H3ロケット2号機でロケット性能確認用ペイロード（VEP-4）・CE-SAT-IE・TIRSATが打ち上げられました。	81	n021703t1	J_H3	2	J_H3_2	20240225	追加		
02/18 07:00:00	【今日の人工衛星】2/18 2006年：MTSAT-2[ひまわり7号] 運輸多目的衛星。気象観測ミッションは2010年より本番運用に入った。2015年7月には後継機の8号に気象観測を引き継ぎ、9号打上により待機運用も終了。航空管制運用も2020年3月に終了した。	131	n021801d	J_H2A	9	J_H2A_9	20230217	修正		
02/18 15:27:00	★2006年の今日2/18 15:27、H-IIAロケット9号機でひまわり7号が打ち上げられました。1ヶ月以内に2基の大型ロケット打上（だいち、ひまわり7号）に成功したのは日本初でした。	93	n021801t1	J_H2A	9	J_H2A_9				
02/18 07:01:00	【今日の人工衛星】2/18 2000年：SUPERBIRD B2 スカパーJSATが保有する通信衛星。アリアン4ロケットで打上。東経162度の静止軌道から日本全国に通信サービスを提供。	92	n021802d							
02/19 07:00:00	【今日の人工衛星】2/19 1977年：たんせい3号 M-3Hロケットの試験、姿勢制御を実験。ヒートパイプや、誤作動が発生したが、これが後の衛星に活かされている 1988年：さくら3a号 実験用通信衛星さくらの3代目	108	n021901d	J_M3H	1	J_M3H_1				
02/19 14:15:00	★1977年の今日2/19 14:15、M-3Hロケット1号機でたんせい3号が打ち上げられました。	49	n021901t1	J_M3H	1	J_M3H_1				
02/19 07:01:00	【今日の人工衛星】2/19 1987年：もも1号 海洋観測衛星。N-IIロケット8号機で打上。日本初の地球観測衛星である。	61	n021902d	J_N2	8	J_N2_8				
02/20 07:00:00	【今日の人工衛星】2/20 1983年：てんま ISASのX線天文衛星2代目。観測運用は2年半にとどまった。 2001年：Odin スウェーデンのサブミリ波観測衛星。酸素分子からなる星間雲の存在を初めて発見。	104	n022001d	J_M3S	3	J_M3S_3				
02/20 14:10:00	★1983年の今日2/20 14:10、M-3Sロケット3号機でX線天文衛星てんまが打ち上げられました。	52	n022001t1	J_M3S	3	J_M3S_3				
02/20 07:01:00	【今日の人工衛星】2/20 1993年：あすか 宇宙X線観測衛星。M-3SIIロケット7号機で打上。2000年7月14日の太陽フレアによる地球大気膨張の影響で姿勢が乱れ観測不能に。2001年3月2日に大気圏に突入、消滅した。	112	n022002d	J_M3S2	7	J_M3S2_7				
02/20 11:00:00	★1993年の今日2/20 11:00、M-3SIIロケット7号機でX線天文衛星あすかが打ち上げられました。	54	n022002t1	J_M3S2	7	J_M3S2_7				
02/20 07:02:00	【今日の人工衛星】2/20(UTC、日本時間翌21日6:28) 2006年：あかり 赤外線天文衛星。赤外線観測のため望遠鏡を冷やす液体ヘリウムを搭載、消費し尽くす前に全天の94%の観測を完了した。バッテリーの劣化等のため、2011年11月24日に運用を終了した。	131	n022003d	J_M5	8	J_M5_8				
02/21 06:28:00	★2006年の今日2/21 6:28、M-Vロケット8号機で赤外線天文衛星あかりが打ち上げられました。	51	n022003t1	J_M5	8	J_M5_8				
02/21 06:29:00	★2006年2月21日6:28に打ち上げられたM-Vロケット8号機には、ソーラーセイルサブペイロード(SSP)も搭載され、ソーラーセイルの展開実験が行われました。実験自体は失敗しました。	93	n022003t2	J_M5	8	J_M5_8				
02/21 06:30:00	★2006年2月21日6:28に打ち上げられたM-Vロケット8号機には、もう1つのサブペイロードCute-1.7+APDも搭載されていました。初期運用には成功したものの、放射線により故障、姿勢制御やテーザー放出は行えませんでした。	115	n022003t3	J_M5	8	J_M5_8				
02/21 07:00:00	【今日の人工衛星】2/21 1979年：はくちょう 日本初のX線天文衛星。打ち上げ失敗したCORSAを3年で作り直して打ち上げたもの。 1981年：ひのとり 日本初の太陽観測衛星。命名は手塚治虫の同名漫画による。約10年間運用された。	117	n022101d	J_M3C	4	J_M3C_4				
02/21 09:30:00	★1981年の今日2/21 9:30、M-3Sロケット2号機で太陽観測衛星ひのとりが打ち上げられました。	52	n022101t1	J_M3S	2	J_M3S_2				
02/21 14:00:00	★1979年の今日2/21 14:00、M-3Cロケット4号機でX線天文衛星はくちょうが打ち上げられました。	54	n022101t2	J_M3C	4	J_M3C_4				
02/21 07:01:00	【今日の人工衛星】2/21(UTC、日本時間翌22日8:30) 1989年：あけぼの 地球磁気圏観測衛星、設計寿命の1年を大きく越えて、2015年4月23日まで26年間運用された。太陽活動周期2周期(22年)分の観測も達成した。	114	n022102d	J_M3S2	4	J_M3S2_4				
02/22 08:30:00	★1989年の今日2/22 8:30、M-3SIIロケット4号機で地球磁気圏観測衛星あけぼのが打ち上げられました。	57	n022102t1	J_M3S2	4	J_M3S2_4				
02/21 07:03:00	【今日の人工衛星】2/21 1998年：かけはし 通信放送技術衛星。移動体通信の実験が目的。H-IIロケット5号機で打上られたが、2段目の燃焼が短く、静止軌道への投入は失敗した。低軌道でも行える実験は実施された。	106	n022103d	J_H2	5	J_H2_5				
02/21 16:55:00	★1998年の今日2/21 16:55、H-IIロケット5号機で通信放送技術衛星かけはしが打ち上げられました。2段目LE-5Aの2回目の燃焼が予定より短く、静止軌道への投入は成功しませんでした。	97	n022103t1	J_H2	5	J_H2_5				
02/22 07:00:00	【今日の人工衛星】2/22 1980年：あやめ2号 実験用静止通信衛星、失敗したあやめ1号の予備衛星だが、アポジモーターの不具合により衛星軌道への投入は失敗。 1986年：Viking スウェーデンの最初の衛星。	106	n022201d	J_N1	6	J_N1_6				
02/22 17:35:00	★1980年の今日2/22 17:35、N-Iロケット6号機であやめ2号が打ち上げられました。	47	n022201t1	J_N1	6	J_N1_6				
02/23 07:00:00	【今日の人工衛星】2/23 1977年：きく2号 日本初の静止衛星。きくシリーズは技術試験衛星。	48	n022301d	J_N1	3	J_N1_3				
02/23 17:50:00	★1977年の今日2/23 17:50、N-Iロケット3号機できく2号が打ち上げられました。	46	n022301t1	J_N1	3	J_N1_3				
02/23 07:01:00	【今日の人工衛星】2/23 2008年：きずな(WINDS) 超高速インターネット衛星、最大で3.2Gbpsの当時世界最高速の通信を実施した。通信が回復しないことから2019/02/27に運用を停止した https://www.jaxa.jp/press/2019/03/20190301a_j.html	152	n022302d	J_H2A	14	J_H2A_14				
02/23 17:55:00	★2008年の今日2/23 17:55、H-IIAロケット14号機で超高速インターネット衛星きずな(WINDS)が打ち上げられました。	67	n022302t1	J_H2A	14	J_H2A_14				
02/24 07:00:00	【今日の人工衛星】2/24 2007年：IGS 4A/B 情報収集衛星(レーダー2号/光学3号機実証機)4Aは電源のトラブルにより2010年に運用停止。	76	n022401d	J_H2A	12	J_H2A_12				
02/24 13:41:00	★2007年の今日2/24 17:55、H-IIAロケット12号機で情報収集衛星(レーダー2号/光学3号機実証機)が打ち上げられました。	68	n022401t1	J_H2A	12	J_H2A_12				
02/24 07:01:00	【今日の人工衛星】2/24 1969年：マリナー6号 7号と共に火星を探査。6号は7号の探査に向けた情報提供も目的とした。両者により火星の表面の20%を撮影。 1975年：たいよう 熱圏観測衛星で、主目的は地球の観測。	109	n022402d							
02/25 07:00:00	【今日の人工衛星】2/25 1996年：TSS-1R 電離層の探査を目的とした衛星。スペースシャトル・コロンビア号で打ち上げ。シャトルと細いテザー(ひも)でつながったまま飛行し調査を行なった。	96	n022501d							
02/26 07:00:00	【今日の人工衛星】2/26 2005年：MTSAT-1R[ひまわり6号] 運輸多目的衛星新1号、日本時間18:25に打ち上げ。H-IIAが日本の空に蘇った日でもある。これ以降H-IIAは連続して打ち上げ成功している。	108	n022601d	J_H2A	7	J_H2A_7				
02/26 18:25:00	★2005年の今日（2005年2月25日18時25分）、H-IIAロケット7号機によりMTSAT-1R(ひまわり6号)が打ち上げ。日本の空に主力ロケットと気象衛星が蘇った日。これ以降H-IIAは連続して打ち上げ成功している。	112	n022601t1	J_H2A	7	J_H2A_7				
02/26 07:01:00	【今日の人工衛星】2/26 1992年：SUPERBIRD B 旧・宇宙通信（現・スカパーJSAT）保有の通信衛星。東経162度に位置する。アリアン4ロケットで打上。	83	n022602d							
02/27 07:00:00	【今日の人工衛星】2/27 1979年：Intercosmos19 旧ソ連の衛星。国際磁気圏観測計画 (IMS、1976～1979年に実施) に参加した（日本からは「きょっこう」「うめ」「うめ2号」「じきけん」が参加）	109	n022701d							
02/27 07:01:00	【今日の人工衛星】2/27 2014年：GPM主衛星 全球降水観測計画の中心となる衛星、NASAとJAXAの共同プロジェクト。NASAは衛星本体とGMI、JAXAはDPRと打上を担当。TRMMの機能も引き継いでいる。	108	n022702d	J_H2A	23	J_H2A_23	20170515	追加		
02/28 03:37:00	★2014年の今日3時37分、H-IIAロケット23号機によりGPM主衛星が打ち上げられました。 https://www.jaxa.jp/press/2014/02/20140226_h2af23_j.html	105	n022702t1	J_H2A	23	J_H2A_23	20170515	修正		
02/28 07:00:00	【今日の人工衛星】2/28 1959年：Discoverer1 アメリカの偵察衛星計画「コロナ」の初号機。KH-1型衛星のプロトタイプであったが、カメラやフィルムカプセルはどちらも搭載せず、軌道投入も失敗した。	105	n022801d							
02/29 07:00:00	【今日の人工衛星】2/29 1976年：うめ 電離層観測を実施、世界で初めて電離層臨界周波数の地球周回分布を明らかにしたが、約1ヶ月で機能しなくなってしまった。	80	n022901d	J_N1	2	J_N1_2				
02/29 12:30:00	★1976年の今日2/29 12:30、N-Iロケット2号機で電離層観測衛星うめが打ち上げられました。打上1ヶ月後、全日照状態で温度が上がりすぎバッテリが故障、運用を終了しました。	90	n022901t1	J_N1	2	J_N1_2				
03/01 07:00:00	【今日の人工衛星】3/1 2002年：ENVISAT1 欧州の地球観測衛星。重量8.2tとESA最大の衛星。ASAR（高性能合成開口レーダ）による全天候性が強み。	81	n030101d							
03/02 07:00:00	【今日の人工衛星】3/2 2004年：Rosetta 欧州宇宙機関 (ESA) の彗星探査機。2014年にチュリュモフ・ゲラシメンコ彗星を探査・着陸機も着陸。2016年に運用を終了。詳細： http://www.esa.int/SPECIALS/Rosetta/	131	n030201d				20170515	修正		
03/03 07:00:00	【今日の人工衛星】3/3 1972年：Pioneer10 NASAの惑星探査機、人類初の木星探査機。初めて太陽系脱出速度に達した衛星でもある(後に距離ではボイジャー1号に抜かれる)。2003年1月22日以降通信は途絶。	109	n030301d							
03/04 07:00:00	【今日の人工衛星】3/4 2010年：GOES-15 アメリカの気象観測衛星GOESのうちの1基。2011年より運用中だが、後継機のGOES-17が2018年に打ち上げられ、待機運用となった。現在現役なのはGOES18(西)16(東)14,15,17(待機)	129	n030401d				20230309	修正		
03/05 07:00:00	【今日の人工衛星】3/5 2010年：遥感9A号、9B号、9C号 中国の地球観測衛星、名前は「リモートセンシング」の意味。中国は民生目的だと発表しているが、軍事衛星としても利用されている、という説がある。	102	n030501d							
03/06 07:00:00	【今日の人工衛星】3/6 1989年：JCSAT-1 日本通信衛星株式会社(JSAT)が打ち上げた通信衛星。日本及びアジア・太平洋地域で利用が可能。1997年にはJCSAT-1Aに役割を譲った https://web.archive.org/web/19981206225221/http://www.iijnet.or.jp/JSAT/satellite/jcsat4/index.html	196	n030601d				20240305	追記	BlueskyのURL投稿対応を確認するために急ぎURL付きに内容を加筆	
03/07 07:00:00	【今日の人工衛星】3/7 2009年：Kepler NASAの、太陽系外惑星探査衛星。3年半をかけて10万個の恒星を観測し、地球のような惑星が存在するかどうかを探る。2011年2月には、多数の惑星を発見、と発表された。姿勢制御に不具合が生じたが運用は継続している。	132	n030701d				20170515	修正		
03/07 07:01:00	【今日の人工衛星】3/7 2023年：ALOS-3/H3ロケット初号機 第2段エンジンが起動せず打上が失敗。原因を3つまで絞り込んだ対策により、翌2024年2月17日の2号機打ち上げは成功した。	97	n030702d	J_H3	1	J_H3_1	20240225	追加		
03/07 10:37:55	★2023年の今日3/7 10:37:55、H3ロケット試験機初号機によって行われたALOS-3の打ち上げは、2段目エンジンが起動せず失敗。原因を3つまで絞り込んだ対策により、翌2024年2月17日の2号機打ち上げは成功した。	113	n030702t1	J_H3	1	J_H3_1	20240225	追加		
03/08 07:00:00	【今日の人工衛星】3/8 2002年：TDRS-9 NASAの打ち上げた、データ中継衛星の第2世代の2号機。2023年に運用を終了した。 https://www.nasa.gov/general/nasas-tracking-and-data-relay-satellite-9-reaches-end-of-mission/ 現在までに13機が打ち上げられ過半が長期運用中（2号機はスペースシャトル・チャレンジャー事故で喪失、1,4,9号機が退役、3,5号機は待機運用）	236	n030801d				20240308	修正	運用終了を追記（2023/03に何故分からなかったのだろうか…）	
03/09 07:00:00	【今日の人工衛星】3/9 2001年：BSAT-2a 日本の放送衛星。アリアンVロケットで10:51に打上。メーカの製造トラブルで打上が半年遅れた。3度のトラブル発生、予備機運用を経て2013年2月に運用終了。	105	n030901d				20170515	修正		
03/09 07:01:00	【今日の人工衛星】3/9 2008年：Jules Verne 欧州補給機（ATV）の初号機。約3.3tの物資を輸送。ISSの軌道変更能力も持つ。打ち上げは専用型(アリアン5 ES)で、アリアン5 ECAの強力な第1段とアリアン5 Gの再着火可能な第2段を組み合わせている。	136	n030902d							
03/10 07:00:00	【今日の人工衛星】3/10 1970年：DIAL WIKA(独)/DIAL MIKA(仏) 仏のディアマンBロケット初号機で打ち上げた技術試験衛星。1975年：Jumpseat 3(米)モルニヤ軌道を回る偵察衛星。	107	n031001d							
03/11 07:00:00	【今日の人工衛星】3/11 2008年：STS-123(エンデバー) 人工衛星というかスペースシャトルですが。日本の実験棟「きぼう」組み立ての第1回目の飛行で、船内保管室を輸送しました。土井隆雄飛行士の2回目の飛行に当たります。	114	n031101d							
03/11 15:28:00	★2008年の今日3/11 15:28(UTC 6:28)、スペースシャトル・エンデバーにより、日本の実験棟「きぼう」の船内保管室が打ち上げられました。	76	n031101t1							
03/12 07:00:00	【今日の人工衛星】3/12 1985年：GEOSAT アメリカ海軍の地球観測衛星。海水面の高さを5cm単位で測定するレーダーを搭載していた。	70	n031201d							
03/13 07:00:00	【今日の人工衛星】3/13 2004年：MBSat 日韓共同利用の移動体向け放送衛星。同じ周波数帯を両国で使うための工夫もされていた。日本向けサービスは2009年3月31日15時に終了。	93	n031301d							
03/14 07:00:00	【今日の人工衛星】3/14 1992年：Galaxy 5 アメリカの商業通信衛星、放送衛星。　2008年：AMC-14 アメリカの通信衛星。プロトンロケットの上段Briz-Mの不具合により所定の軌道に投入できず。	106	n031401d							
03/15 07:00:00	【今日の人工衛星】3/15 1976年：Solrad 11A/B　NASAのガンマ線検出器を搭載した双子の衛星。	56	n031501d							
03/16 07:00:00	【今日の人工衛星】3/16 1966年：ジェミニ8号 ジェミニ計画の有人宇宙船、ドッキングと船外活動実験を計画していた。標的機となる無人機とのドッキング後姿勢制御システムが故障、アームストロング船長（のちにアポロ11号船長）が大気圏再突入システムを手動で制御して無事に帰還した。	139	n031601d							
03/17 07:00:00	【今日の人工衛星】3/17 1958年：ヴァンガード1号　アメリカで2番目の人工衛星。世界で最初に太陽電池を搭載した人工衛星でもあり、現在も軌道上にある最古の人工天体。	84	n031701d							
03/18 07:00:00	【今日の人工衛星】3/18 1995年：ひまわり5号＋SFU H-IIロケット3号機で打ち上げ。ひまわり5号は、のちのMTSAT-1打ち上げ失敗などにより設計寿命の倍、10年間働くことになる。SFUはスペースシャトルミッションSTS-72で若田飛行士により回収、地球に帰還する。	139	n031801d	J_H2	3	J_H2_3				
03/18 17:01:00	★1995年の今日3/18 17:01、H-IIロケット3号機で気象衛星ひまわり5号とSFUが打ち上げられました。SFUは翌1996/1/13に若田宇宙飛行士によって回収され、現在は上野の国立科学博物館に所蔵されています。	111	n031801t1	J_H2	3	J_H2_3				
03/19 07:00:00	【今日の人工衛星】3/19 1991年：Progress M-7 プログレス輸送船の2世代目プログレスMの7機目。ドッキングに2回失敗し、ソユーズTM-11(秋山飛行士が打上時に搭乗していた)が離脱した後のポートにドッキング、ミールに補給を行った。	124	n031901d							
03/20 07:00:00	【今日の人工衛星】3/20 2010年：エコースター14（EchoStar 14） アメリカ等で衛星放送をしている「DISHネットワーク」社の衛星、重量約6.3tとプロトンロケットが打ち上げた衛星の中で最も重い商業衛星。	110	n032001d							
03/21 07:00:00	【今日の人工衛星】3/21 1996年：IRS-P3 インド宇宙研究機関のリモートセンシング衛星、PSLVロケットの実証飛行として打ち上げ。PSLVは4段式で投入能力は低いものの、2017年には最大108個の衛星を同時に打ち上げた実績有り	119	n032101d							
03/22 07:00:00	【今日の人工衛星】3/22 1982年：STS-3(スペースシャトル3回目、コロンビア号) OSS(Office of Space Science)を搭載しシャトル初の科学実験 1996年：STS-76(76回目、アトランティスのミッション)ミールとの3回目のドッキングを実施	138	n032201d							
03/23 07:00:00	【今日の人工衛星】3/23 1965年：ジェミニ3号 ジェミニ計画初の有人飛行(1号と2号は基本性能の試験)。船長はガス・グリソムで、彼は世界初の「2回目の宇宙飛行」。試験内容には宇宙食が含まれ、サンドイッチが食された	109	n032301d							
03/24 07:00:00	【今日の人工衛星】3/24 1992年：STS-45 スペースシャトル「アトランティス」の11回目の飛行。地球大気観測ミッションATLAS-1が実施され、日本も人工オーロラ実験等を提案、実施した。	98	n032401d							
03/25 07:00:00	【今日の人工衛星】3/25 2000年：IMAGE 地球磁気圏観測衛星。NASAが製作した、初の地球磁場観測専用の衛星。4本の250mのワイヤーアンテナを持つ。プラズマやオーロラ等を観測。	94	n032501d							
03/26 07:00:00	【今日の人工衛星】3/26 1958年：エクスプローラー3号 アメリカで2番目の人工衛星。1号の実験継続が目的で、ガイガーカウンターを搭載し、宇宙船を観測。1号の成果と合わせてヴァン・アレン帯を発見。なお2号は軌道投入失敗	111	n032601d							
03/27 07:00:00	【今日の人工衛星】3/27 1969年：マリナー7号 アメリカの火星探査機。2/24に打ち上げた6号と共に火星を探査。 1972年：ベネラ8号 旧ソ連の金星探査機。着陸船を搭載、50分間にわたり観測、雲の分布等を明らかに。	111	n032701d							
03/28 07:00:00	【今日の人工衛星】3/28 2003年：情報収集衛星1号機(光学・レーダ) 日本初の偵察衛星。性能は光学が解像度1m程度と、民間衛星に比べても劣っていた。これ以降継続的に情報収集衛星が軌道上に打ち上げられることになる。	109	n032801d	J_H2A	5	J_H2A_5	20170515	修正		
03/28 10:27:00	★2003年の今日3/28 10:27、H-IIAロケット5号機で情報収集衛星1号機(光学・レーダ) が打ち上げられました。	62	n032801t1	J_H2A	5	J_H2A_5				
03/29 07:00:00	【今日の人工衛星】3/29 2002年：JCSAT8 / ASTRA 3A アリアン4ロケットで同時打上げ。両方ともボーイング製。JCSATはスカパーJSATの、ASTRA 3AはルクセンブルクSES ASTRAの通信衛星	111	n032901d							
03/30 07:00:00	【今日の人工衛星】3/30 1966年：DMSP 06　米国空軍の気象衛星。極軌道（太陽同期軌道）をとり気象状況を観測。1993年：SEDS-I NASAのテザー衛星(使用済み衛星を大気圏に突入させるゴミ掃除衛星)の実験機。	112	n033001d							
03/31 07:00:00	【今日の人工衛星】3/31 1966年：ルナ10号 旧ソ連の月探査衛星。世界で初めて月の周回軌道に投入された。カメラは搭載していなかったが、月の磁場・岩石・大気・重力分布についての情報が得られた。	98	n033101d							
04/01 07:00:00	【今日の人工衛星】4/1 1960年：TIROS-1 NASAが打ち上げた世界初の気象衛星。可視光のビデオカメラを搭載し、78日間にわたり気象観測を実施。画像は地上に伝送され、気象衛星というコンセプトを実証した。	106	n040101d							
04/02 07:00:00	【今日の人工衛星】4/2 1963年：ルナ4号 旧ソ連の月探査機。3号までの成果を受け月着陸を目指したが失敗。成功は9号。 1998年：TRACE NASAの太陽観測衛星。飛行機からの打ち上げ方式(ペガサスロケット)を採用	111	n040201d							
04/03 07:00:00	【今日の人工衛星】4/3 2009年：W2A 仏・ユーテルサット社の衛星モバイル放送対応(=Sバンド対応)の通信衛星 1995年：Orbview1(MicroLab1) 雷光観測衛星。ペガサスロケットで飛行機から打ち上げ	110	n040301d							
04/04 07:00:00	【今日の人工衛星】4/4 2009年：WGS-2 米軍の広帯域衛星通信。国家存亡に関わる戦略的事項などを通信する任務を担う。オーストラリアも計画に加入しており、合計6機打ち上げられる予定。	94	n040401d							
04/05 07:00:00	【今日の人工衛星】4/5 2010年：STS-131 ディスカバリーの38回目の飛行。山崎直子飛行士が初飛行、日本人の最後の搭乗。7名中3名が女性、ISS長期滞在中1名を含め、過去最多の4人の女性飛行士がISSに滞在	108	n040501d							
04/06 07:00:00	【今日の人工衛星】4/6 1973年：パイオニア11号　史上初の土星探査機。木星・土星を観測し、その後も通信が続いていたが、1995年9月30日に電力不足で通信途絶。ちなみに10号は2003年まで通信が続いていた。	107	n040601d							
04/07 07:00:00	【今日の人工衛星】4/7 1978年：ゆり1号(日本時間では翌日) 衛星放送の実験衛星。一般家庭向けの放送は行わず 2001年：2001マーズ・オデッセイ NASAの火星探査機。ミッション後、他の探査機の通信の中継も担当	110	n040701d							
04/08 07:00:00	【今日の人工衛星】4/8 1964年：ジェミニ1号 マーキュリー計画に続くジェミニ計画の1号機、試験のため無人打上げ 1970年：ヴェラ6号 核実験監視衛星。X線測定器・中性子・ガンマ線測定器を備え、宇宙空間での実験を監視。	112	n040801d							
04/09 07:00:00	【今日の人工衛星】4/9 1994年：STS-59 スペースシャトル・エンデバーの6回目の飛行。スペース・レーダー実験室(SRL)を搭載し、地球環境を観測した。	80	n040901d							
04/10 07:00:00	【今日の人工衛星】4/10 1982年：INSAT-1A インドの気象・通信・放送衛星。米国デルタロケットで打ち上げ。軌道投入が失敗し1年で寿命となる。インドは気象と通信・放送の相乗りが中心、打ち上げは他国のロケットを使用	111	n041001d							
04/11 07:00:00	【今日の人工衛星】4/11 1970年：アポロ13号　アポロ計画の3度目の月着陸を目指した飛行で、月に向かう途中に事故が発生したものの、3名の飛行士が無事帰還したことから"successful failure"とも呼ばれるミッションである	119	n041101d				20170515	修正		
04/12 07:00:00	【今日の人工衛星】4/12 1961年：ボストーク1号 宇宙飛行士ユーリ・ガガーリンが人類初の宇宙飛行（大気圏外を飛行、地球周回軌道に乗る）を行った宇宙船。最高高度327km、地球を1周して108分の飛行の後帰還	106	n041201d							
04/12 07:01:00	【今日の人工衛星】4/12 1981年：STS-1 スペースシャトルの栄えある初回の飛行。無事に打ち上げ、機能し、帰還することを目的とした飛行。2日間・地球36周の飛行後、無事に地球に帰還。	95	n041202d							
04/13 07:00:00	【今日の人工衛星】4/13 1960年：Transit 1B アメリカ海軍の測位衛星。1Aは打ち上げ失敗したため初号機である。原子力潜水艦などの測位に利用され、精度は25m。	87	n041301d							
04/13 07:01:00	【今日の人工衛星】4/13 2006年：JCSAT-5A スカパーJSATの通信衛星。NTTドコモの衛星電話サービスN-STARも担当。Zenit-3SLロケットで打上。	85	n041302d							
04/14 07:00:00	【今日の人工衛星】4/14 2009年：コンパスM1 中国の衛星測位システム「北斗2」の初号機。30機の人工衛星で測位システムを整備する予定。	71	n041401d							
04/15 07:00:00	【今日の人工衛星】4/15 2005年：DART 米国の、自律的に他の衛星に接近したりドッキングしたりする技術の試験衛星。実験相手の軍事衛星MUBLCOMとの接近を試みるも衝突、軌道が変わってしまい、結果として実験は失敗	110	n041501d							
04/16 07:00:00	【今日の人工衛星】4/16 1997年：BSAT-1a 日本の放送衛星。大容量バッテリを搭載することで、それまで衛星放送を担ってきたBS-3(ゆり)と異なり、春と秋の発電量不足による放送休止をなくした。	101	n041601d							
04/16 07:01:00	【今日の人工衛星】4/16 2004年：SUPERBIRD A2 スカパーJSATの通信衛星。打上は成功したものの軌道投入に失敗。	65	n041602d							
04/17 07:00:00	【今日の人工衛星】4/17 2007年：EgyptSat 1 エジプトが宇宙開発技術を習得するために打ち上げた地球観測衛星。Saudisat 3ほかと16基同時打上げ。	84	n041701d							
04/18 07:00:00	【今日の人工衛星】4/18 2001年：GSAT1 インドのGSLVロケット初号機(試験機)で打ち上げた衛星。静止衛星打ち上げ能力の獲得を目的とした。静止トランスファー軌道まで投入できたが、最終的な静止衛星化は失敗。	108	n041801d							
04/19 07:00:00	【今日の人工衛星】4/19 1971年：サリュート1号 旧ソ連が打ち上げた世界初の宇宙ステーション。主鏡直径28cmの紫外線望遠鏡も搭載。火事などのトラブルはあったが飛行士の滞在自体は成功。10月11日に大気圏再突入、消滅	111	n041901d							
04/20 07:00:00	【今日の人工衛星】4/20 1977年：ESA-GEOS1 欧州宇宙機関(ESA)初の科学観測を行う静止衛星。 2004年：Gravity Probe B　重力探査衛星。相対性理論を「物体の角運動量」が作る時空の歪みで検証	111	n042001d							
04/21 07:00:00	【今日の人工衛星】4/21 1997年：Celestis アメリカの商業衛星。衛星に故人の遺灰を乗せて打ち上げるサービス。ご遺骨のうち７ｇが宇宙に飛び立つ	77	n042101d							
04/22 07:00:00	【今日の人工衛星】4/22 2010年：OTV1 アメリカ合衆国が開発中の無人スペースプレーンの軌道試験機。同年12月3日に無事に地球に着陸。軌道上に270日滞在が可能	84	n042201d							
04/23 07:00:00	【今日の人工衛星】4/23 1967年：ソユーズ1号　有人打上げが夜間に行なわれた最初の例。試験飛行の成功なく打ち上げられ、様々なトラブルに見舞われた上、墜落。有人宇宙飛行の歴史における、最初の飛行中の死亡事故となった	109	n042301d							
04/24 07:00:00	【今日の人工衛星】4/24 1972年：アポロ16号子衛星(PFS-2) 月周回軌道上の司令機械船から4/24に子衛星を放出。磁場や太陽風粒子に関する実験を34日間にわたり実施	88	n042401d							
04/25 07:00:00	【今日の人工衛星】4/25 1990年：ハッブル宇宙望遠鏡 地上600kmを周回する望遠鏡。主鏡の口径は2.4m、重さ11t。可視光、紫外、近赤外が観測可能。5回の修理ミッションにより現在も世界最高水準の性能を発揮。	108	n042501d							
04/26 07:00:00	【今日の人工衛星】4/26 2005年：Spaceway1 米DirecTVの放送衛星。通常の名称と違う命名なのは、元々ヒューズ社の計画だった本衛星がヒューズ社ごとDirecTVの親会社ニューズ社に買収されたため。	107	n042601d							
04/27 07:00:00	【今日の人工衛星】4/27 1961年：エクスプローラー11号（別名：S15） 米国の宇宙望遠鏡。世界で初めてガンマ線望遠鏡を搭載。およそ7ヶ月の間、ガンマ線・宇宙線の検出を行った	90	n042701d							
04/28 07:00:00	【今日の人工衛星】4/28 1998年：BSAT-1b BS用の放送衛星。BSデジタルの最初の放送を担当。予備衛星となった後もトラブルが続いたBSAT-2aのリリーフを2回行った。2011年8月30日に運用終了。	106	n042801d				20170515	確認		
04/28 07:01:00	【今日の人工衛星】4/28 2008年：SEEDS-2(日大)Cute-1.7(東工大) 両大学の小型衛星(CubeSat)。このときインドPSLVロケットは同時に合計10個の衛星を打ち上げたがこれは同ロケットの当時の最大記録だった（現在は100個以上となっている）	133	n042802d				20180427	修正		
04/29 07:00:00	【今日の人工衛星】4/29 1985年：STS-51B チャレンジャー号の打ち上げ。主任務はスペースラブ3（通算2回目）実験	62	n042901d							
04/30 07:00:00	【今日の人工衛星】4/30 1976年：NOSS 1-1 アメリカ海軍が使う海上監視衛星(Naval Ocean Surveillance System)の初代。3機が一組で海上からの電波を監視するものと推測されている	109	n043001d							
05/01 07:00:00	【今日の人工衛星】5/1 1978年：DMSP 5D-1/F03 アメリカ空軍の気象衛星。DMSP(防衛用気象衛星プログラム)の一環。暗い光を観測できる仕様のため、「宇宙から見た地球の夜景」も当衛星群により作成された	108	n050101d							
05/02 07:00:00	【今日の人工衛星】5/2 1998年：イリジウム69,イリジウム71 衛星携帯電話の1つイリジウムを提供している衛星。合計66個の衛星+予備機によって運営されている	82	n050201d							
05/03 07:00:00	【今日の人工衛星】5/3 2000年：GOES-11 アメリカの気象衛星GOESシリーズの11号機。2011年12月にGOES-15に任務を引き継ぐまで西経135度で西海岸・太平洋を観測。なお1986年の同日には7番目のGが打ち上げられたが、これは失敗している	130	n050301d							
05/04 07:00:00	【今日の人工衛星】5/4 1989年：マゼラン NASAの金星探査機。スペースシャトル・アトランティス（STS-30）で打ち上げられた。スペースシャトルから打ち上げた初の探査機。1990年～94年にかけて観測を行った。	109	n050401d							
05/05 07:00:00	【今日の人工衛星】5/5 2009年：STSS ATRR アメリカの次世代早期警戒衛星の実証衛星。Space Tracking and Surveillance Systemの略、弾道ミサイル発射を早期に検出する	106	n050501d							
05/06 07:00:00	【今日の人工衛星】5/6 1965年：リンカーン試験衛星(LES-2)/リンカーン測定体(LCS-1) タイタンIIIAロケットの最後の試作機で打ち上げた物体。アルミ製のボール。	89	n050601d							
05/07 07:00:00	【今日の人工衛星】5/7 1992年：STS-49 エンデバーの最初の飛行。静止軌道投入を失敗したインテルサット6号を回収、リブーストモーターにより静止軌道への投入を実施。3人の飛行士の船外活動は世界初だった	104	n050701d							
05/08 07:00:00	【今日の人工衛星】5/8 2001年：XM-1 アメリカの衛星デジタルラジオ放送「XMサテライトラジオ」の衛星。車載アンテナを考慮し、静止軌道上から、通常の放送衛星より強く指向性の高い電波を発信。XM-1は現在予備機	108	n050801d							
05/09 07:00:00	【今日の人工衛星】5/9 2003年：はやぶさ（MUSES-C） 小惑星探査機、工学実験機。小惑星1998-SF36(打ち上げ後にイトカワと命名)との往復、サンプルリターンに成功。2010年6月13日に地球に帰還。	107	n050901d	J_M5	5	J_M5_5				
05/09 13:29:25	★2003年5月9日13時29分25秒、第20号科学衛星MUSES-C"はやぶさ"はM-Vロケット5号機により内之浦宇宙空間観測所より打ち上げられました。動画⇒https://www.youtube.com/watch?v=KCpvYn6pf8s #Hayabusa_HappyLaunchDay	148	n050901t1	J_M5	5	J_M5_5				
06/09 12:30:00	【お帰りはやぶさ・帰還15周年】6/9 12:30-15:00 最後の軌道修正となるTCM-4完了。4/4-6、5/1-4、5/23-27、6/3-5とあわせ5回の軌道修正でオーストラリア・ウーメラ砂漠の着陸地点へ誘導完了 	112	n050901t2	J_M5	5	J_M5_5	20240614	修正		
06/13 19:54:00	【お帰りはやぶさ・帰還15周年】6/13 19:54 イトカワのサンプルを格納したカプセルの切り離しに成功 	54	n050901t3	J_M5	5	J_M5_5	20240614	修正		
06/13 22:02:00	【お帰りはやぶさ・帰還15周年】6/13 22:02 はやぶさ、最後の地球撮影。この写真 https://www.isas.jaxa.jp/j/topics/topics/2010/0618_3.shtml を内之浦局に送信中に内之浦の水平線の向こう側に入り通信途絶(22:28)	140	n050901t4	J_M5	5	J_M5_5	20240614	修正		
06/13 22:28:00	【お帰りはやぶさ・帰還15周年】6/13 22:28 はやぶさ、内之浦局の観測圏外になり通信途絶。最後の信号はhttps://hayabusa.jaxa.jp/message/message_049.html に掲載されている 	114	n050901t5	J_M5	5	J_M5_5	20240614	修正		
06/13 22:51:00	【お帰りはやぶさ・帰還15周年】6/13 22:51 はやぶさ、地球大気圏再突入。22:56にカプセルからパラシュートが展開され、23:08に着陸を果たした。 	80	n050901t6	J_M5	5	J_M5_5	20240614	修正		
05/10 07:00:00	【今日の人工衛星】5/10 1999年：風雲1C号 中国の気象衛星。中国は静止軌道・極軌道を併用し、これは極軌道。2007/1/11に衛星攻撃兵器実験で破壊され、現在は多数のデブリとなって軌道上を漂っている	103	n051001d							
05/11 07:00:00	【今日の人工衛星】5/11 2009年：STS-125 スペースシャトルアトランティスによるハッブル宇宙望遠鏡修理の5回目(最後)の飛行。緊急時の救援ができるよう、エンデバーも地上で待機(STS-400)していた	106	n051101d							
05/12 07:00:00	【今日の人工衛星】5/12 1993年：ARASENE フランスのアマチュア無線中継衛星。大学生によって製作された。VHFアンテナは打ち上げ直後に故障、SHFアンテナも電源の問題から打ち上げ3ヶ月後に利用不可に…	106	n051201d							
05/13 07:00:00	【今日の人工衛星】5/13 1960年：Echo-X(1号) 世界初の受動型通信衛星となることを目指してアメリカが打ち上げた衛星。打ち上げは失敗。気球の形をしており、電波を単純に反射して衛星中継を行う	100	n051301d							
05/14 07:00:00	【今日の人工衛星】5/14 1973年：スカイラブ1号 アメリカ初の宇宙ステーション 2009年：ハーシェル宇宙望遠鏡 地球-太陽の第2ラグランジュ点を中心とする直径70万kmのリサジュー軌道を周回する赤外線望遠鏡	107	n051401d							
05/14 07:01:00	【今日の人工衛星】5/14 2009年：プランク衛星 地球-太陽の第2ラグランジュ点に投入された、宇宙背景放射を観測する衛星。NASAの衛星と比べ高感度・高分解能で補完する関係。ハーシェル宇宙望遠鏡と同時打ち上げ。	107	n051402d							
05/15 07:00:00	【今日の人工衛星】5/15 1963年：マーキュリー・アトラス9号 マーキュリー計画最後、レロイ・ゴードン・クーパーJr.による有人飛行。1日以上の宇宙滞在はアメリカ初。そして、現時点では最後の単独宇宙飛行である。	107	n051501d							
05/16 07:00:00	【今日の人工衛星】5/16 2000年：Simsat-1,2 ロシア「ロコット」ロケット(ICBMの再利用)で打ち上げた実験機。イリジウム衛星の原寸大模型。2011年：STS-134 エンデバー号最後の打ち上げ。当初の打上予定は4月30日だった。	123	n051601d							
05/17 07:00:00	【今日の人工衛星】5/17 1966年：アジェナ標的機(GATV-5004) ジェミニ9号がドッキング実験を行うときの対象機。ただし軌道投入に失敗し、実験は延期。6/1に打ち上げた新しい標的機ともドッキングは失敗	106	n051701d							
05/18 07:00:00	【今日の人工衛星】5/18 1969年：アポロ10号 アポロ計画4番目の打ち上げにして、月軌道上での着陸船の実験を行う最終リハーサル。世界初のカラーテレビ生中継も実施。着陸船は上空15kmまで接近した。	101	n051801d							
05/19 07:00:00	【今日の人工衛星】5/19 1971年：マルス2号 旧ソ連の火星探査機。軌道上からの探査と、着陸船を保有。着陸船は初めて火星表面に到達した人工物となったが、着陸時に故障して動作せず。軌道上探査機は3号と合同で探査を続けた	110	n051901d							
05/20 07:00:00	【今日の人工衛星】5/20(UTC) 2010年：あかつき、IKAROS 日本の金星探査機とソーラー電力セイル実験機。あかつきの初回の金星軌道投入は失敗、IKAROSの実験が先行して大成功を収めた。あかつきも5年後の2015年に軌道投入に成功、科学観測を行っている。	133	n052001d	J_H2A	17	J_H2A_17	20170520	追記		
05/21 06:58:22	★2010年の今日5/21 6:58:22、H-IIAロケット17号機で金星探査機あかつき・ソーラー電力セイル実験機IKAROS、相乗り衛星4基が打ち上げられました。	83	n052001t1	J_H2A	17	J_H2A_17				
05/21 07:10:22	★H-IIAロケット17号機の打上から12分後、ハヤト（鹿児島大学）、WASEDA-SAT2（早稲田大学）、Negai☆″（創価大学）の3基が分離しました。その後、ハヤトとNegai☆″は通信にも成功しました。	105	n052001t2	J_H2A	17	J_H2A_17				
05/21 07:25:22	★H-IIAロケット17号機の打上から27分後、金星探査機あかつきが分離されました。	42	n052001t3	J_H2A	17	J_H2A_17				
05/21 07:40:22	★H-IIAロケット17号機の打上から42分後、ソーラー電力セイル実験機IKAROSが分離されました。その後、全ての実験に成功、逆回転に切り替える実験にも成功しました。	84	n052001t4	J_H2A	17	J_H2A_17				
05/21 07:45:22	★H-IIAロケット17号機の打上から47分後、しんえん(UNITEC-1)が分離されました。22大学・高専が参加、地球の重力圏を離脱した初めての民間宇宙機となりました。電波は受信できたものの、電波の解読は行えておらず、ミッションとしては、ミニマムサクセスに到達していません。	138	n052001t5	J_H2A	17	J_H2A_17				
05/20 07:01:00	【今日の人工衛星】5/20(UTC) 2020年：こうのとり9号機(HTV-9) 宇宙ステーション補給機。6.2トンの物資をISSに無事輸送した。こうのとりは打ち上げに用いられたH-IIBロケットとともに、9号機をもって退役した。	115	n052002d	J_H2B	9	J_H2B_9	20230521	追記		
05/21 02:31:00	★2020年の今日5/21 2:31:00、H-IIBロケット9号機で宇宙ステーション補給機こうのとり9号機(HTV-9)が打ち上げられました。打ち上げ前には、新型コロナウイルス感染症に対応する医療従事者などへの感謝を込めたライトアップも行われました。	126	n052002t1	J_H2B	9	J_H2B_9	20230521	追記		
05/21 07:00:00	【今日の人工衛星】5/21 1986年：フォトン2号　旧ソ連の軌道上物質化学実験機。これまで後継機含め15機が打ち上げ、14機が成功し軌道上での実験とサンプル回収を実現している	88	n052101d							
05/22 07:00:00	【今日の人工衛星】5/22 1996年：STS-77,スパルタン207号 エンデバー号の飛行と、宇宙に輸送された衛星2機。スパルタンは折りたたまれた拡張アンテナの実験に成功し、再び回収されて地球に帰還した	102	n052201d							
05/23 07:00:00	【今日の人工衛星】5/23 1995年：GOES-9 アメリカの気象衛星。3軸制御方式では2番目の機体。日本のMTSAT-1打ち上げ失敗、GMS-5の老朽化を受けて2003年5月から2005年7月まで日本の空を観測	107	n052301d							
05/24 07:00:00	【今日の人工衛星】5/24 1962年：マーキュリー・アトラス7号 マーキュリー計画4番目の有人飛行。マルコム・スコット・カーペンターが搭乗。大気圏への突入角度のズレ、着水地点の402kmのズレが起こるも無事救出される	109	n052401d							
05/25 07:00:00	【今日の人工衛星】5/25 1973年：スカイラブ2号 アメリカの有人宇宙ステーション「スカイラブ」に初めて飛行士を送り込む。スカイラブは打ち上げ時の不具合のためすぐに利用できない状態であり、飛行士が修理を行った	106	n052501d							
05/26 07:00:00	【今日の人工衛星】5/26 1999年：Oceansat 1 インドの気象衛星、別名IRS-P4。太陽同期軌道を飛ぶ。PSLVロケット商業打ち上げが初めて成功した衛星でもある(同時にドイツ・韓国の衛星も打ち上げ)	106	n052601d							
05/27 07:00:00	【今日の人工衛星】5/27 1999年：STS-96 ディスカバリーによる飛行。スペースシャトルの、国際宇宙ステーションへの初めてのドッキングに当たる飛行(NHK「宇宙からウェイクアップコール」5/10でも紹介)	106	n052701d							
05/28 07:00:00	【今日の人工衛星】5/28 1971年：マルス3号 旧ソ連の火星探査機。着陸探査機は2号と異なり無事に軟着陸、火星表面の写真を初めて地球に送信した(ただしすぐに故障し、搭載していたローバーは使用できず)	101	n052801d							
05/29 07:00:00	【今日の人工衛星】5/29 1974年：ルナ22号 旧ソ連の月探査機。15号以降は有人月探査に向けた準備だったが結局実現せず。ちなみに、15号はアポロ11号に先んじて月の土壌を持ち帰れる可能性があったが着陸失敗により頓挫	110	n052901d							
05/30 07:00:00	【今日の人工衛星】5/30 1966年：サーベイヤー1号 アメリカの月探査機。アメリカの探査機として初めて月面に到達した	60	n053001d							
05/30 07:01:00	【今日の人工衛星】5/30 1971年：マリナー9号 アメリカの火星探査機。初めて火星を含む他の惑星の周回軌道に投入された探査機。撮影により観測を行い、火星表面の80%以上をカバーした	92	n053002d							
05/31 07:00:00	【今日の人工衛星】5/31 2008年：STS-124 ディスカバリーによるフライト。星出飛行士が搭乗し、実験棟きぼうの設置ミッション(1J、船内実験室のISSへの運搬と設置、船内保管室の本設置)を実施	101	n053101d							
06/01 06:02:00	★2008年の今日6/1 6:02、スペースシャトル・ディスカバリーで、実験棟きぼうの船内実験室・親アームが打ち上げられました。設置は星出彰彦宇宙飛行士が行いました。	83	n053101t1							
06/01 07:00:00	【今日の人工衛星】6/1 1990年：ROSAT アメリカ、ドイツ、イギリスによるX線探査衛星。X線源の全天サーベイを初めて実施、6万個以上のX線源を発見した	79	n060101d							
06/02 07:00:00	【今日の人工衛星】6/2 1983年：ベネラ15号 旧ソ連の金星探査機。着陸船部分を高性能のレーダーに交換することで、金星の大気の下の地表を観測。	73	n060201d							
06/02 07:01:00	【今日の人工衛星】6/2 2003年：マーズ・エクスプレス 欧州宇宙機関(ESA)の火星探査機、ESA初の惑星探査。本体の火星周回軌道への投入は成功したが、着陸船ビーグル2の着陸は失敗	92	n060202d							
06/02 07:02:00	【今日の人工衛星】6/2 2010年：実証衛星2号機(SERVIS-2)　高機能・低コストの民生部品・技術を利用した衛星を製作することで、衛星製作の低コスト化を狙った実証衛星。設計寿命の通り、ほぼ1年間にわたり運用された。	111	n060203d							
06/03 07:00:00	【今日の人工衛星】6/3 1965年：ジェミニ4号 ジェミニ計画の有人飛行2回目に相当する。将来の月探査に備え、アメリカ初の宇宙遊泳を実施すると共に、アメリカで初めての複数日の宇宙滞在も実施。	96	n060301d							
06/04 07:00:00	【今日の人工衛星】6/4 2010年：ドラゴン宇宙船制限ユニット・ファルコン9初号機　アメリカの民間企業スペースX社により開発されたファルコン9のテスト打ち上げ。同社が開発中のドラゴン宇宙船のテストヘッドを打ち上げた	108	n060401d							
06/05 07:00:00	【今日の人工衛星】6/5 1989年：スーパーバードA 日本の宇宙通信(現・スカパーJSAT)が打ち上げた通信衛星シリーズの初号機。同シリーズは、民間だけではなく防衛省も通信に利用している	94	n060501d							
06/06 07:00:00	【今日の人工衛星】6/6 2003年：AMC 9 衛星通信企業SES Americomが打ち上げた通信衛星。プロトンKロケットによる打ち上げ。元々GE Americomが打ち上げる予定だったが打ち上げ前に衛星毎買収された	110	n060601d							
06/07 07:00:00	【今日の人工衛星】6/7 1983年：ベネラ16号 旧ソ連の金星探査機。ベネラ計画最後の探査機。着陸船の代わりに高解像度のレーダーを搭載し観測を行った	75	n060701d							
06/08 07:00:00	【今日の人工衛星】6/8 1965年：ルナ6号 旧ソ連の月探査機。月の軟着陸を目指すが軌道投入に失敗。人類初の軟着陸成功はルナ9号を待たねばならなかった。	77	n060801d							
06/08 07:01:00	【今日の人工衛星】6/8 1975年：ベネラ9号 旧ソ連の金星探査機。8号までと異なる新しい設計の探査機で、軌道船が着陸船からの通信を中継するようになったのも9号から。	84	n060802d							
06/09 07:00:00	【今日の人工衛星】6/9 1966年：MIDAS10（ミサイル早期警戒衛星）、SECOR6（測位衛星）、ERS16（空軍の実験衛星） アメリカの軍事衛星3機がアトラス　アジェナDロケットで打ち上げられた	101	n060901d							
06/10 07:00:00	【今日の人工衛星】6/10 2003年：スピリット アメリカの火星探査機。打ち上げ直前のコロンビア号の事故を受けて死亡した搭乗員7人を記念したプレートが付いている。2004年1月から2010年1月まで探査を続けた	106	n061001d							
06/11 07:00:00	【今日の人工衛星】6/11 2008年：フェルミガンマ線宇宙望遠鏡 米・仏・独・伊・日・スウェーデンの共同研究のため打ち上げられた。大面積望遠鏡(LAT)・ガンマ線バーストモニター(GBM)が相補的に観測	102	n061101d							
06/12 07:00:00	【今日の人工衛星】6/12 1967年：ベネラ4号 旧ソ連の金星探査機。金星の大気を高度24.69kmまで観測し、別の惑星の観測を現地で行った初めての衛星となった。なお、初の軟着陸は3号だったが、3号は通信は出来ていない	110	n061201d							
06/12 07:01:00	【今日の人工衛星】6/12 1975年：ニンバス6号 アメリカの地球観測衛星。米国の地球リモートセンシング開発の中心となったシリーズ。3号は衛星を利用した測位技術を初搭載、7号はオゾン層観測機能を持ち、オゾンホールを観測	110	n061202d							
06/12 07:02:00	【今日の人工衛星】6/12 2003年：BSAT-2c 放送衛星システム所有のBSデジタル用放送衛星。アリアンVロケットで打上。BSAT-2bが打上に失敗したための代替となる衛星。一時期はBSAT-2aに代わり本放送を行っていたが、予備機運用後、2013年8月に運用終了。	136	n061203d				20170515	修正		
06/13 07:00:00	【今日の人工衛星】6/13 1984年：NAVSTAR-9 GPS衛星のブロックIシリーズ。ブロックIは実験的要素もあった 1968年：IDCSP4-1～4-8 米軍の通信衛星の初代シリーズ。8機を同時に打ち上げる仕組み	110	n061301d							
06/14 07:00:00	【今日の人工衛星】6/14 1967年：マリナー5号 アメリカの金星探査機。火星探査機のマリナー4号のバックアップだったが、マリナー4号の成功をうけ金星探査機に転用。6/12打ち上げのベネラ4号と観測を相互補完した	107	n061401d							
06/15 07:00:00	【今日の人工衛星】6/15(UTC) 1963年：ボストーク5号 旧ソ連による有人飛行。4日と23時間7分で地球を82周したのは、単独の飛行では現在でも世界最長。翌々日打ち上げのボストーク6号と交信も行った	103	n061501d							
06/15 07:01:00	【今日の人工衛星】6/15 2010年：DCAM-2 ソーラー電力セイル実証機IKAROSから分離された、セイルの展張状況を撮影するための分離カメラ。IKAROS全体の撮影に成功。	90	n061502d							
06/16 07:00:00	【今日の人工衛星】6/16 1963年：ボストーク6号 旧ソ連による有人飛行、ボストーク計画の最後の飛行。ワレンチナ・テレシコワ飛行士による、世界初の女性のフライト。先に打ち上げられたボストーク5号と交信も行った	106	n061601d							
06/17 07:00:00	【今日の人工衛星】6/17 1985年：STS-51G ディスカバリーの飛行、アルサウド飛行士が、初のサウジアラビア人・初のムスリムとして宇宙飛行。NHK「爆問学問×JAXA」にて米・仏の飛行士とのフライトへのコメントが	110	n061701d1							
06/17 07:00:30	【今日の人工衛星】(続き)紹介された。アルサウド飛行士の言葉「最初の1日か2日はみんなが自分の国を指していた、3日目・4日目は、それぞれ自分の大陸を指さした、5日目、わたしたちの目に映っているのはたった1つの地球だった」	110	n061701d2							
06/18 07:00:00	【今日の人工衛星】6/18 2009年：ルナー・リコネサンス・オービター アメリカの月探査衛星、有人月探査に向けた調査を主目的とした探査機。LCROSSと衝突体を月に衝突させて月にまとまった量の水が存在することを確認。	109	n061801d							
06/19 07:00:00	【今日の人工衛星】6/19 1981年：APPLE アリアン1ロケットで打ち上げられたISRO(インド宇宙研究機関)の通信衛星の実験機。3軸制御の通信衛星の実験であった	84	n061901d							
06/19 07:01:00	【今日の人工衛星】6/19 2010年：DCAM-1 ソーラー電力セイル実証機IKAROSから分離された、セイルの展張状況を撮影するための分離カメラ。6/15に分離したDCAM-2より低速で分離し、方向制御用の液晶デバイスの動作を確認。	118	n061902d							
06/20 07:00:00	【今日の人工衛星】6/20 2008年：Jason2 フランスの海洋観測衛星。海洋循環とその気候との相互作用の観測および理解の向上が目的。JAXAの宇宙環境計測装置TEDA/LPTも搭載され、宇宙放射線の観測も実施	107	n062001d							
06/21 07:00:00	【今日の人工衛星】6/21 1993年：STS-57 初のスペースハブ(商業用宇宙実験室)を搭載。EURECA(欧州宇宙実験プラットホーム)の回収や、ハッブル宇宙望遠鏡の修理に向けた訓練としての船外活動も実施	104	n062101d							
06/22 07:00:00	【今日の人工衛星】6/22 1976年：サリュート5号 旧ソ連の軍事用宇宙ステーション「アルマース」を民間目的を装って打ち上げたもの。アルマースとしては、3度目の機体であり、これが最後の機体。2回に分け4人の飛行士が滞在	110	n062201d							
06/23 07:00:00	【今日の人工衛星】6/23 1977年：NTS-2 アメリカのGPSに向けた技術試験衛星。セシウムの原子時計、ニッケル水素電池、3軸制御などを試験し、相対論で示された時間の進み方のズレも検証。	96	n062301d							
06/24 07:00:00	【今日の人工衛星】6/24 1999年：FUSE 遠紫外線分光探査機。90.5-119.5nmの紫外線を観測。2007年7月12日、リアクションホイールが全て故障し運用終了	86	n062401d							
06/25 07:00:00	【今日の人工衛星】6/25 1974年：サリュート3号 旧ソ連の軍事宇宙ステーション「アルマース」の2機目。NR-23機関砲（Tu-22のものを改良）を搭載しており、遠隔操作で発射し衛星を狙撃したとされる	102	n062501d							
06/26 07:00:00	【今日の人工衛星】6/26 2003年：Orbview 3 米国Orbital Imaging Corporation社の地球観測衛星。Pegasus XLロケットで打ち上げ。8km×8kmの範囲を撮影する。	104	n062601d							
06/27 07:00:00	【今日の人工衛星】6/27 1982年：STS-4 スペースシャトルの4回目のミッション。ここまでがスペースシャトル自体の研究開発の位置づけだった。初めて予定された時間に正確にスペースシャトルが打ち上げられたミッション	109	n062701d							
06/28 07:00:00	【今日の人工衛星】6/28 2000年：Tsinghua(精華)1 中国の地球観測・通信研究用小型衛星、将来は7個の衛星で災害をモニタリング + Snap-1 イギリスの学生が打ち上げた小型衛星、初めての3軸制御小型衛星	110	n062801d							
06/29 07:00:00	【今日の人工衛星】6/29 1969年：Biosatellite 3 アメリカの実験衛星。アカゲザルのボニー（Bonny）が搭乗。30日間の予定が、体調不良から8日間に短縮。ボニーは地球帰還後8時間で脱水症状で死亡…	108	n062901d							
06/30 07:00:00	【今日の人工衛星】6/30 2003年：Cubesat XI-IV(東大中須賀研)、CUTE-I(東工大松永研) いずれも大学の研究室による小型衛星。2011年現在、いずれも生きており、後期運用中。	99	n063001d							
06/30 07:01:00	【今日の人工衛星・番外編】6/30 1971年：ソユーズ11号の死亡事故 帰還モジュールとソユーズ本体を繋ぐバルブの部分に欠陥があり、空気を喪って死亡事故となった。現在唯一の「宇宙空間における」死亡事故となっている	107	n063002d							
07/01 07:00:00	【今日の人工衛星】7/1 1966年：エクスプローラー33号 アメリカの磁場・放射線を計測する衛星。月軌道への投入は失敗したが計画した観測は実施。第一研究者はヴァンアレン帯の発見者、 ジェームズ・ヴァン・アレン	105	n070101d							
07/02 07:00:00	【今日の人工衛星】7/2 1985年：ジオット ESAのハレー彗星探査機。彗星から600kmまで最接近、彗星の核を撮影。名前は、1301年のハレーの接近を壁画に描いたイタリアの画家ジョット・ディ・ボンドーネに由来	106	n070201d							
07/03 07:00:00	【今日の人工衛星】7/3(UTC) 1998年：のぞみ 火星探査機。月の裏側を撮影、旧ソ連・米国に次ぎ3番目となる。度重なる故障、月で2回、地球で3回のスイングバイを経て火星近くに到達するも軌道投入はかなわず	104	n070301d	J_M5	3	J_M5_3				
07/04 03:12:00	★1998年の今日7月4日 3:12に火星探査機「のぞみ」は打ち上げられました。度重なる故障にみまわれ、月で2回、地球で3回のスイングバイを経て火星近くに到達するも軌道投入は成功しませんでした。	97	n070301t1	J_M5	3	J_M5_3				
07/04 07:00:00	【今日の人工衛星】7/4 2006年：STS-121 コロンビア号事故後2回目。初回のSTS-114で外部タンク破片問題が再発したため更に1年間対策を行った。スペースシャトルがアメリカ独立記念日に打ち上げられたのは初	108	n070401d							
07/05 07:00:00	【今日の人工衛星】7/5 1966年：アポロAS-203 二度目に行われたサターンIBの発射実験。非公式にアポロ2号とも。二段目ロケットS-IVBのタンク内の燃料の無重力状態での振る舞いを確認することが目的で、実験は成功	110	n070501d							
07/06 07:00:00	【今日の人工衛星】7/6 2002年：N-STAR C NTTドコモの衛星携帯電話サービス用の衛星。アリアン5により打ち上げ、東経136に位置し、現在も運用中	79	n070601d							
07/07 07:00:00	【今日の人工衛星】7/7 1995年：HELIOS 1A フランスの軍事衛星。1m程度の精度の撮影能力を持つと推定。フランス単独では資金が不足するため、イタリア、スペインと資金を分担して打ち上げられたとされる。	105	n070701d							
07/08 07:00:00	【今日の人工衛星】7/8(UTC) 1994年：BS-3N BSアナログ放送用予備衛星。アリアン44Lロケットで打ち上げられ、2001年まで運用された。（なぜかwikipediaに記述がほとんどない…）	101	n070801d							
07/09 07:00:00	【今日の人工衛星】7/9(UTC) 1996年：Turksat 1C トルコの通信衛星。1Aが打ち上げ失敗したための保険条項により製作されたとのこと	74	n070901d							
07/10 07:00:00	【今日の人工衛星】7/10 2005年：すざく あすかに続く5機目の日本のX線天文衛星であり、2000年に打ち上げ失敗したASTRO-Eの代替機。液体ヘリウム喪失事故があったものの、2015年6月まで運用は継続された。	109	n071001d	J_M5	6	J_M5_6	20170515	修正		
07/10 12:30:00	★2005年の今日、7月10日12:30にX線天文衛星「すざく」がM-Vロケット6号機により打ち上げ。5機目の日本のX線天文衛星、液体ヘリウム喪失事故があったものの、優れた観測能力を10年間発揮していた	101	n071001t1	J_M5	6	J_M5_6	20170515	修正		
07/11 07:00:00	【今日の人工衛星】7/11 1990年：Gamma1 旧ソ連のガンマ線・X線観測衛星、フランスとの共同プロジェクト。1965年には望遠鏡の基本設計がされていたが紆余曲折により25年後の打ち上げとなった	100	n071101d							
07/12 07:00:00	【今日の人工衛星】7/12 2001年：BSAT-2b 日本の衛星放送用の衛星。BSデジタル用予備機となる予定だったが、静止軌道投入に失敗。衛星自体は正常に稼働していたが、使用できず。	92	n071201d							
07/13 07:00:00	【今日の人工衛星】7/13 1995年：ガリレオ（プローブ） アメリカの木星探査機ガリレオの大気観測プローブがこの日ガリレオ本体から切り離された。プローブは12月7日に大気に突入、57分間にわたり木星の大気の観測を実施	109	n071301d							
07/14 07:00:00	【今日の人工衛星】7/14 1977年：ひまわり1号 日本初の気象衛星、現在に続く日本の気象観測の先駆け。ケネディ宇宙センターからデルタロケットで打ち上げ。1981年の2号打ち上げ後も予備機として1989年まで運用。	108	n071401d							
07/14 19:39:00	★1977年の今日7/14 19:39、日本初の気象衛星、ひまわり1号が打ち上げ。ケネディ宇宙センターからデルタロケットで打ち上げられ、1981年の2号打ち上げ後も予備機として1989年まで運用。	98	n071401t1							
07/15 07:00:00	【今日の人工衛星】7/15 1975年：アポロ・ソユーズテスト計画 米ソの宇宙船ドッキング方式の研究のため、ソユーズ19号とアポロ(18号相当)がドッキング。デタントの中で行われたこの実験は将来のISS等にも活用されている	111	n071501d				20170515	修正		
07/15 07:01:00	【今日の人工衛星】7/15 2009年：STS-127 エンデバー23回目の飛行。STS-123,124に続き日本の実験棟「きぼう」の組み立てを行い、完成させた。若田光一宇宙飛行士の長期滞在の帰還にも用いられた	105	n071502d							
07/16 07:03:00	★2009年の今日7/16 7:03、スペースシャトル・エンデバーで、実験棟きぼうの船外実験プラットフォーム・船外パレット)が打ち上げられました。設置は若田光一宇宙飛行士が行いました。	92	n071502t1							
07/16 07:00:00	【今日の人工衛星】7/16 1969年：アポロ11号 人類を初めて月面に送り込んだアポロ11号の打ち上げ。月面到着は7/20、地球帰還は7/24。月から持ち帰られた試料は21.55kgであった。	97	n071601d							
07/17 07:00:00	【今日の人工衛星】7/17 1977年：コスモス929号(TKS-1) 旧ソ連の宇宙ステーションへの輸送機の初回の全体試験。使用予定の軍事宇宙ステーション計画が中止され3回で退役したが技術はISSのソ連モジュールに活用	109	n071701d							
07/18 07:00:00	【今日の人工衛星】7/18 1966年：ジェミニ10号 8号・9A号では不完全に終わった軌道上のドッキングに成功。ヤング船長はアポロ10,16号とスペースシャトル(STS-1,6)、コリンズ飛行士はアポロ11号に参加	108	n071801d							
07/19 07:00:00	【今日の人工衛星】7/19 1967年：エクスプローラー35号 アメリカの月探査機。失敗した33号の代替。月楕円軌道で観測を行った	65	n071901d							
07/20 07:00:00	【今日の人工衛星】7/20 1965年：ヴェラ3A,3B,ERS-17 ヴェラは核実験監視衛星の初代Vela hotel型の最後の2機。ERS-17はX線・ガンマ線・宇宙線を検知する5つのセンサーを積んだ科学衛星	106	n072001d							
07/21 07:00:00	【今日の人工衛星】7/21 1961年：マーキュリー・レッドストーン4号 マーキュリー計画2回目の有人飛行。乗員はガス・グリソム。15分間の弾道飛行に成功。この時の様子は映画「ライトスタッフ」にも描かれている	104	n072101d							
07/22 07:00:00	【今日の人工衛星】7/22 1962年：マリナー1号 アメリカ初の惑星探査機。ただし、正常系の制御システムの故障と、バックアップ系の飛行ソフトウェアのバグが原因で打ち上げは失敗。なお、予備機の2号は8/27に打ち上げ成功	110	n072201d							
07/23 07:00:00	【今日の人工衛星】7/23 1972年：ランドサット1号 地球観測衛星のシリーズ初号機。現在は5号(1984年打ち上げ)と7号(1999年打ち上げ、一部故障)が稼働中。	84	n072301d							
07/23 07:01:00	【今日の人工衛星】7/23 1999年：STS-93,チャンドラX線観測衛星 大気で吸収されてしまうX線の観測を目的とした。シャトルから打ち上げられた3機の宇宙望遠鏡の1つでコロンビア号で打ち上げられた。	102	n072302d							
07/24 07:00:00	【今日の人工衛星】7/24 1992年：GEOTAIL 宇宙科学研究所が開発・運用、NASAが打ち上げを担当した磁気圏観測衛星。データレコーダーが動作を停止したため、2022年11月28日運用終了。1999年までは月スイングバイにより軌道変更をしていた(計14回)	132	n072401d				20230208	修正		
07/25 07:26:00	★1992年の今日7/25 7:26、デルタIIロケット6925型ロケットで磁気圏観測衛星GEOTAILが打ち上げられました。	63	n072401t1							
07/25 07:00:00	【今日の人工衛星】7/25 1973年：マルス5号 旧ソ連の火星探査機。7/21打ち上げの4号は火星周回軌道への投入が失敗したがこちらは成功。後の6,7号着陸船との通信も担うことになっていた	95	n072501d							
07/26 07:00:00	【今日の人工衛星】7/26 1971年：アポロ15号 アポロ計画は15号以降は科学調査に重点が置かれ、15号が月面車を初めて利用したミッションとなった。	76	n072601d							
07/26 07:01:00	【今日の人工衛星】7/26 2005年：STS-114 コロンビア号事故後初の打ち上げ、"Return to Flight"ミッション。野口聡一飛行士が搭乗。チャレンジャー号事故後初のフライトも同じディスカバリー号だった	110	n072602d							
07/27 07:00:00	【今日の人工衛星】7/27 1992年：ソユーズTM-15 旧ソ連が、宇宙ステーション「ミール」との往還に打ち上げたミッション。フランス人も参加。	73	n072701d							
07/28 07:00:00	【今日の人工衛星】7/28 1997年：スーパーバードC 旧・宇宙通信(現スカパーJSAT)の保有する通信衛星。現在も名称がA3になったものの稼働している。	78	n072801d							
07/29 07:00:00	【今日の人工衛星】7/29 1960年：マーキュリー・アトラス1号 マーキュリー計画の打ち上げのうち、アトラスロケットを使った初回の打ち上げ。発射実験が目的。	79	n072901d							
07/30 07:00:00	【今日の人工衛星】7/30 1965年：アポロA-105、ペガサス3号 アポロ計画におけるサターンI型最後の打ち上げ。司令船・機械船の模型と、宇宙塵採集衛星ペガサスの打ち上げが目的。目的は全て達成された。	102	n073001d							
07/31 07:00:00	【今日の人工衛星】7/31 2010年：北斗IGSO1 中国の測位システム北斗-2の5機目の衛星。傾斜対地同期軌道(IGSO)という軌道を取る3機の衛星の1号機として打ち上げ。	88	n073101d							
08/01 07:00:00	【今日の人工衛星】8/1 1967年：ルナ・オービター5号 アメリカの月探査機。1～3号でアポロの着陸候補地を、4～5号で月面全体の写真を撮影。5号は4号が撮影できなかった地点を補完 	92	n080101d							
08/02 07:00:00	【今日の人工衛星】8/2(UTC) 1984年：ひまわり3号 日本の気象衛星。日本時間8/3に種子島からN-IIロケット6号機で打ち上げ。ひまわり2号の不調をカバーするため少し早く打ち上げられた 	98	n080201d	J_N2	6	J_N2_6				
08/03 05:30:00	★1984年の今日8/3 5:30、N-IIロケット6号機で気象衛星ひまわり3号が打ち上げられました。	51	n080201t1	J_N2	6	J_N2_6				
08/03 07:00:00	【今日の人工衛星】8/3 2004年：メッセンジャー アメリカの水星探査機。7回のスイングバイを経て2011年3月18日に水星周回軌道入り。2015年5月に水星に落下してミッション完了するまでに、水星全体の撮影など様々な成果を上げた。	117	n080301d				20170808	修正		
08/04 07:00:00	【今日の人工衛星】8/4 2007年：フェニックス アメリカの火星探査機。過去中止された探査機の機器を再利用した。火星に過去水が存在したことを直接確認した 	78	n080401d							
08/05 07:00:00	【今日の人工衛星】8/5(UTC) 1983年：さくら2号b 日本の通信衛星。日本時間8月6日にN-IIロケット4号機で打ち上げ。1990年に運用終了。 	77	n080501d	J_N2	4	J_N2_4				
08/06 05:29:00	★1983年の今日8/6 5:29、N-IIロケット4号機で通信衛星さくら2号bが打ち上げられました。	51	n080501t1	J_N2	4	J_N2_4				
08/06 07:00:00	【今日の人工衛星】8/6 1961年：ボストーク2号 旧ソ連2回目、人類3回目の有人宇宙飛行。ゲルマン・チトフ飛行士の25歳11ヶ月は現在も最年少宇宙飛行記録 	80	n080601d							
08/07 07:00:00	【今日の人工衛星】8/7 1959年：エクスプローラー6号 アメリカの人工衛星。写真のスキャンデバイスを搭載、初めて地上に写真データを転送した衛星 	74	n080701d							
08/08 07:00:00	【今日の人工衛星】8/8 2001年：ジェネシス アメリカの探査機。太陽風に含まれる粒子のサンプルリターンが目的。月より遠い場所からの初のサンプルリターン 	78	n080801d							
08/09 07:00:00	【今日の人工衛星】8/9 1976年：ルナ24号 旧ソ連の月探査機。月探査計画"ルナ計画"最後の探査機。170gの土を採取、地球に持ち帰る 	70	n080901d							
08/10 07:00:00	【今日の人工衛星】8/10(UTC) 1981年：ひまわり2号 気象衛星、国内からの打ち上げ(N-IIロケット)は初。機械トラブルを抱え、3号運用直前には1号のリリーフ運用も行われた 	92	n081001d	J_N2	1	J_N2_1				
08/11 05:03:00	★1981年の今日8/11 5:03、N-IIロケット1号機で気象衛星ひまわり2号が打ち上げられました。	52	n081001t1	J_N2	1	J_N2_1				
08/11 07:00:00	【今日の人工衛星】8/11 2006年：JCSAT-3A スカパーJSATの保有する通信衛星、国際通信とスカパー!の放送に利用されている 	69	n081101d							
08/12 07:00:00	【今日の人工衛星】8/12(UTC) 1986年：あじさい(EGS) H-Iロケット初号機で打ち上げられた測地実験衛星。打ち上げから25年経つ2011年現在も運用中 	83	n081201d	J_H1	1	J_H1_1				
08/13 05:45:00	★1986年の今日8/13 5:45、H-Iロケット試験機1号機で、あじさい・じんだい・ふじ1号が打ち上げられました。	59	n081201t1	J_H1	1	J_H1_1				
08/12 07:01:00	【今日の人工衛星】8/12(UTC) 1986年：じんだい(MABES) 磁気軸受フライホイール実験装置 ふじ1号 日本初のアマチュア衛星。いずれもH-Iロケット初号機で打ち上げ 	90	n081202d	J_H1	1	J_H1_1				
08/13 07:00:00	【今日の人工衛星】8/13 1992年：Optus(Aussat) B1 オーストラリアの民間の通信衛星 1972年：エクスプローラー46号(MTS-A) アメリカの流星塵研究の衛星 	92	n081301d							
08/14 07:00:00	【今日の人工衛星】8/14(UTC) 2007年：BSAT-3a BSデジタル用の放送衛星。2011年現在BS-1,2,9,13,15chの放送を担当、2016年時点でも運用中。	89	n081401d				20170515	修正		
08/14 07:01:00	【今日の人工衛星】8/14(UTC) 2008年：Superbird C2 スカパーJSATの通信衛星。三菱電機が国際競争入札を勝ち抜いたことで、日本企業の保有する民間商用衛星としては初の国産となった 	101	n081402d							
08/15 07:00:00	【今日の人工衛星】8/15 1990年：プログレスM4 ミールへの物資輸送ミッション 1992年：プログレスM14 ミールにVDU推進ユニット（姿勢制御用ロケット）を輸送 	86	n081501d							
08/16 07:00:00	【今日の人工衛星】8/16 1971年：EOLE 1 フランス2番目の気象衛星、NASAとの協力によって打ち上げた初の衛星 	62	n081601d							
08/17 07:00:00	【今日の人工衛星】8/17 1996年：ふじ3号 アマチュア衛星として"みどり"と同時に打ち上げ、現在も運用中。 	57	n081701d							
08/17 07:01:00	【今日の人工衛星】8/17 1996年：みどり(ADEOS) 地球観測プラットフォーム衛星。大気・海洋・陸域観測結果の成果は大きかったが、太陽電池パドルのブランケットが破断し10ヶ月で運用停止。 	98	n081702d	J_H2	4	J_H2_4				
08/17 10:53:00	★1996年の今日8/17 10:53、H-IIロケット4号機で地球観測プラットフォーム衛星みどり(ADEOS)と相乗り衛星ふじ3号が打ち上げられました。	77	n081702t1	J_H2	4	J_H2_4				
08/18 07:00:00	【今日の人工衛星】8/18(UTC) 1985年：すいせい ハレー彗星観測を目的とした2機目の宇宙探査機。ハレー彗星からの塵で2回姿勢を乱すも無事に観測を完了 	80	n081801d	J_M3S2	2	J_M3S2_2				
08/19 08:33:00	★1985年の今日8/19 8:33、M-3SIIロケット2号機で宇宙探査機すいせいが打ち上げられました。	53	n081801t1	J_M3S2	2	J_M3S2_2				
08/19 07:00:00	【今日の人工衛星】8/19 1972年：でんぱ(REXS) 電離層・磁気圏観測衛星。打上時のランチャーの角度のズレにより予定と大きく異なる軌道に投入。70時間で故障したが、その軌道により高層大気密度のデータ収集が可能に 	110	n081901d	J_M4S	4	J_M4S_4				
08/19 11:40:00	★1972年の今日8/19 11:40、M-4Sロケット4号機で電離層・磁気圏観測衛星でんぱ(REXS)が打ち上げられました。	63	n081901t1	J_M4S	4	J_M4S_4				
08/20 07:00:00	【今日の人工衛星】8/20 1975年：バイキング1号 火星探査機。着陸船は翌1976年7月20日に着陸。ほとんどの実験を完了 	64	n082001d							
08/20 07:01:00	【今日の人工衛星】8/20 1977年：ボイジャー2号 宇宙探査機。木星・土星・天王星・海王星のグランドツアーを初めて実現した探査機 	67	n082002d				20170820	誤変換修正		
08/21 07:00:00	【今日の人工衛星】8/21 1965年：ジェミニ5号 ジェミニ計画5回目の飛行 2009年：JCSAT-RA スカパーJSATの通信衛星、予備衛星として軌道上で待機中(日本時間は8/22打上) 	97	n082101d							
08/22 07:00:00	【今日の人工衛星】8/22 2006年：Koreasat5 韓国の放送衛星(4は縁起の悪い数字ということで欠番)、太平洋上からゼニート3SLロケットで打上 	78	n082201d							
08/23 07:00:00	【今日の人工衛星】8/23(UTC) 2005年：きらり 衛星間のレーザー光による通信実験を実施。ESAのARTEMISや地上局との通信に成功。 れいめい 小型技術実証衛星。理学・工学ミッション以外に若手の技術習得も目的 	111	n082301d							
08/24 06:10:00	★2005年の今日8/24 6:10、ドニエプルロケットで光衛星間通信実験衛星きらり・小型技術実証衛星れいめいが打ち上げられました。	66	n082301t1							
08/24 07:00:00	【今日の人工衛星】8/24 1966年：ルナ11号 旧ソ連の月探査機。月周回楕円軌道から重力異常・月面の化学組成・月近傍の流星物質・月近傍の微粒子線を調査。 	79	n082401d							
08/25 07:00:00	【今日の人工衛星】8/25 1991年：ゆり3号b 日本の放送衛星。H-Iロケット8号機で打ち上げられ、ゆり3号aの太陽電池不具合による出力不足を補った。現時点で、種子島から打ち上げた最後の放送衛星。1998年運用停止 	110	n082501d	J_H1	8	J_H1_8				
08/25 17:04:00	★1991年の今日8/25 17:04、H-Iロケット8号機で放送衛星ゆり3号bが打ち上げられました。	51	n082501t1	J_H1	8	J_H1_8				
08/26 07:00:00	【今日の人工衛星】8/26 2005年：Monitor-E ロシアの地球観測衛星。打ち上げ直後に故障・通信不能となるも復旧。農業関係、災害関係、汚染状況把握などを目的としている	88	n082601d							
08/26 07:01:00	【今日の人工衛星】8/27 2023年：X線天文衛星代替機(XRISM)、小型月着陸実証機(SLIM) XRISMは、喪失したASTRO-Hの代替機として、期待された科学的成果を上げている。SLIMは、日本発の月面探査機として、ピンポイント着陸を含む様々な世界初の成果を上げた。	139	n082602d	J_H2A	47	J_H2A_47	20240226	追加		
08/26 09:34:57	★2023年の今日8/26 09:34:57、H-IIAロケット47号機でX線天文衛星代替機(XRISM)と小型月着陸実証機(SLIM)が打ち上げられました。	79	n082602t1	J_H2A	47	J_H2A_47	20240226	追加		
01/20 00:20:00	★2024年の今日1/20 00:20ごろ、小型月着陸実証機(SLIM)が月面に着陸しました。スラスタの不具合により想定とは異なる着陸形態になり発電がされない状態になりましたが、1/28に発電が始まり、所期の通信・観測などに成功しました。	119	n082602t2	J_H2A	47	J_H2A_47	20240226	追加		
02/25 19:00:00	★2024年の今日2/25 19時過ぎ、小型月着陸実証機(SLIM)からの通信が再開しました。越夜を想定していないにもかかわらず、月の夜を越えて稼働しました。越夜に成功したのは、アメリカ・旧ソ連・中国に続く4ヶ国目です。	110	n082602t3	J_H2A	47	J_H2A_47	20240227	誤記修正		
08/27 07:00:00	【今日の人工衛星】8/27 (18:20打上) 1987年：きく5号 H-Iロケット試験機2号機の性能確認と、移動体通信実験のための衛星。静止3軸衛星バスの基盤技術を確立。	86	n082701d	J_H1	2	J_H1_2				
08/27 18:20:00	★1991年の今日8/27 18:20、H-Iロケット2号機で技術試験衛星きく5号が打ち上げられました。	52	n082701t1	J_H1	2	J_H1_2				
08/28 07:00:00	【今日の人工衛星】8/28 (16:50打上) 1994年：きく6号 H-IIロケット試験機2号機により打上。アポジエンジンの不具合により静止軌道投入は出来なかったが、多くの実験は実施された。	96	n082801d	J_H2	2	J_H2_2				
08/28 16:50:00	★1994年の今日8/28 16:50、H-IIロケット試験機2号機で技術試験衛星きく6号が打ち上げられました。	56	n082801t1	J_H2	2	J_H2_2				
08/28 07:00:00	【今日の人工衛星】8/28 (18:05打上) 1990年：ゆり3号a H-Iロケット7号機で打ち上げた放送衛星。翌1991年に太陽電池に不具合が発生、一部の放送は、ゆり2号b/3号bがサポートした	99	n082802d	J_H1	7	J_H1_7				
08/28 18:05:00	★1990年の今日8/28 18:05、H-Iロケット7号機で放送衛星ゆり3号aが打ち上げられました。	51	n082802t1	J_H1	7	J_H1_7	20240224	誤記修正		
08/29 07:00:00	【今日の人工衛星】8/29 (16:00打上) 2001年：H-IIAロケット試作機1号機 レーザ測距装置（LRE）と性能確認用ペイロード（VEP-2）を静止トランスファ軌道へ投入、試験は無事成功した	100	n082901d	J_H2A	1	J_H2A_1				
08/29 16:00:00	★2001年の今日8/29 16:00、H-IIAロケット試作機1号機でレーザ測距装置LREと性能確認用ペイロードVEP-2が打ち上げられました。	73	n082901t1	J_H2A	1	J_H2A_1				
08/30 07:00:00	【今日の人工衛星】8/30 1991年：ようこう M-3SIIロケット6号機にて打ち上げられた太陽観測衛星。その後10年3ヶ月に渡り観測を続けた。太陽活動周期(11年)に相当する連続観測は世界初。	98	n083001d	J_M3S2	6	J_M3S2_6				
08/30 11:00:00	★1991年の今日8/30 11:00、M-3SIIロケット6号機で太陽観測衛星ようこうが打ち上げられました。	55	n083001t1	J_M3S2	6	J_M3S2_6				
08/31 07:00:00	【今日の人工衛星】8/31 2009年：Palapa-D インドネシアの通信衛星。長征3号Bロケットで打上。3段目の2回目燃焼に失敗したが、無事静止軌道に投入した（が寿命は15年から10年に縮んだ）	99	n083101d							
09/01 07:00:00	【今日の人工衛星】9/1 2000年：Zhangguo Ziyuan 2 中国の地球観測衛星。穀物生産、自然災害観測などを目的としている。長征2号ロケットで打上。	81	n090101d							
09/02 07:00:00	【今日の人工衛星】9/2 1971年：ルナ18号 旧ソ連の月探査機。2回目のサンプルリターンを目指すも、月への着陸に失敗。その後ルナ20号・24号がサンプルリターンを成功させた	88	n090201d							
09/03 07:00:00	【今日の人工衛星】9/3 (14:00打上) 1982年：きく4号 N-Iロケット7号機で打上。三軸制御、太陽電池パドルの展開、能動式熱制御などの技術試験・確認が目的で、実験は成功した	92	n090301d	J_N1	7	J_N1_7				
09/03 14:00:00	★1982年の今日9/3 14:00、N-Iロケット7号機で技術試験衛星きく4号が打ち上げられました。	51	n090301t1	J_N1	7	J_N1_7				
09/04 07:00:00	【今日の人工衛星】9/4(UTC) 2010年：Chinasat 6A 中国の通信放送衛星。長征3号乙ロケットで打上。設計寿命は15年。	68	n090401d							
09/05 07:00:00	【今日の人工衛星】9/5 1977年：ボイジャー1号 木星と土星を観測した探査機、現在「地球から最も遠い距離に到達した人工物体」である。末端衝撃波面を通過中であり（通過したとの説もあり）、太陽系を脱出する初の探査機となる見込み	113	n090501d							
09/05 07:01:00	【今日の人工衛星】9/5(UTC) (日本時間6日4:11打上) 1989年：ひまわり4号。 気象観測衛星。大きなトラブルもなく、順調に運用され、2002年2月に運用終了。	86	n090502d	J_H1	5	J_H1_5				
09/06 04:11:00	★1989年の今日9/6 4:11、H-Iロケット5号機で気象衛星ひまわり4号が打ち上げられました。	50	n090502t1	J_H1	5	J_H1_5				
09/06 07:00:00	【今日の人工衛星】9/6 2008年：GeoEye-1 アメリカGeoEye社の地球観測衛星。分解能は40cm。googleも衛星画像を購入してgoogle map等に使用している。	91	n090601d							
09/07 07:00:00	【今日の人工衛星】9/7 1995年：STS-69 スペースシャトル・エンデバーの飛行。太陽コロナ観測衛星スパルタンの放出と回収、国際宇宙ステーションを建設するのに必要な組立て技術のテストなどを行った	100	n090701d							
09/08 07:00:00	【今日の人工衛星】9/8 2000年：STS-106 スペースシャトル・アトランティスの飛行。国際宇宙ステーション(ISS)建設の6回目の飛行。スラスタ噴射によるISSの軌道修正も実施	92	n090801d							
09/09 07:00:00	【今日の人工衛星】9/9 (14:30打上) 1975年：きく1号 宇宙開発事業団(NASDA)初の人工衛星。N-Iロケット1号機で打上。人工衛星の軌道投入、通信、姿勢制御等の技術習得が目的。実験は無事成功した。	106	n090901d	J_N1	1	J_N1_1				
09/09 14:30:00	★1975年の今日9/9 14:30、N-Iロケット1号機で技術試験衛星きく1号が打ち上げられました。	51	n090901t1	J_N1	1	J_N1_1				
09/10 07:00:00	【今日の人工衛星】9/10 (17:20打上) 2002年：USERS 無人の自律帰還型回収システムであり、軌道上で宇宙実験を行った結果を地上に持ち帰れるシステム。超電導材料製造実験を行い、無事サンプル回収に成功	106	n091001d	J_H2A	3	J_H2A_3				
09/10 17:20:00	★2002年の今日9/10 17:20、H-IIAロケット3号機でデータ中継衛星こだま・次世代型無人宇宙実験システムUSERSが打ち上げられました。	74	n091001t1	J_H2A	3	J_H2A_3				
09/10 07:01:00	【今日の人工衛星】9/10 (17:20打上) 2002年：こだま データ中継衛星。インド洋上の静止軌道に位置し、低軌道の衛星との高速・長時間通信を実現。278Mbpsの衛星間通信実験も成功している。2017年8月に停波。 https://www.satnavi.jaxa.jp/ja/news/2017/08/07/580/index.html	173	n091002d	J_H2A	3	J_H2A_3	20170808	追記		
09/10 07:02:00	【今日の人工衛星】9/10(UTC) (日本時間11日2:01打上) 2009年：HTV-1 宇宙ステーション補給機の1号機。H-IIBロケット初回の打上でもあったが、無事ミッションに成功。この時点では愛称は付いていない	110	n091003d	J_H2B	1	J_H2B_1				
09/11 02:01:00	★2009年の今日9/11 2:01、H-IIBロケット試験機1号機で宇宙ステーション補給機HTV-1が打ち上げられました。	62	n091003t1	J_H2B	1	J_H2B_1				
09/11 07:00:00	【今日の人工衛星】9/11 (13:35打上) 2006年：情報収集衛星光学2号機(IGS-3A) 日本の偵察衛星。H-IIA6号機の失敗をうけ、今回から1機ずつの打上となった。2013年11月に運用停止、2016年10月に大気圏に再突入して消滅した。	126	n091101d	J_H2A	10	J_H2A_10	20170911	修正		
09/11 13:35:00	★2006年の今日9/11 13:35、H-IIAロケット10号機で情報収集衛星光学2号機が打ち上げられました。	56	n091101t1	J_H2A	10	J_H2A_10	20170911	修正		
09/11 07:01:00	【今日の人工衛星】9/11 (20:17打上) 2010年：みちびき 準天頂衛星初号機。GPS補完信号を送信し精度を補完。twitter上では@QZSS が毎日挨拶をしてくれていましたが、内閣府に移管されて挨拶終了となりました	113	n091102d	J_H2A	18	J_H2A_18				
09/11 20:17:00	★2010年の今日9/11 20:17、H-IIAロケット18号機で準天頂衛星みちびきが打ち上げられました。	54	n091102t1	J_H2A	18	J_H2A_18				
09/12 07:00:00	【今日の人工衛星】9/12 1959年：ルナ2号 旧ソ連の月探査機。月の表面に到達した初の宇宙船（1号は着陸できなかった)。太陽風の観測、月の磁場（が無いことを）観測を行った	87	n091201d							
09/13 07:00:00	【今日の人工衛星】9/13 1961年：マーキュリー・アトラス4号 アメリカの有人宇宙飛行計画マーキュリー計画の試験飛行。宇宙船およびアトラス・ロケットの試験。地球を1周させた。	89	n091301d							
09/14 07:00:00	【今日の人工衛星】9/14 (10:31打上) 2007年：かぐや 日本の月探査機。2つの子衛星をもち、さまざまな観測を行った。NHKのハイビジョンカメラが撮影した映像が話題になり、宇宙への関心が高まった	102	n091401d	J_H2A	13	J_H2A_13				
09/14 10:31:00	★2007年の今日9/14 10:31、H-IIAロケット13号機で月探査機かぐやが打ち上げられました。	52	n091401t1	J_H2A	13	J_H2A_13				
09/14 07:01:00	【今日の人工衛星】9/14 (14:00打上) 2013年：ひさき 世界初の太陽系内惑星専用の宇宙望遠鏡。イプシロンロケットで打ち上げる小型科学衛星シリーズSPRINTの1号機にあたる。主に惑星の大気を観測。イプシロンロケットの初打上にもあたる	122	n091402d	J_E	1	J_E_1				
09/14 14:00:00	★2014年の今日9/14 14:00、イプシロンロケット試験機で惑星分光観測衛星ひさき(SPRINT-A)が打ち上げられました。	65	n091402t1	J_E	1	J_E_1				
09/15 07:00:00	【今日の人工衛星】9/15 1989年：Bion9 旧ソ連の生物実験衛星。1971年の米ソの宇宙開発協力の協定に基づき、ソ連のゼニットを流用し生物実験を行った。9号では欧州も実験に参加	92	n091501d							
09/16 07:00:00	【今日の人工衛星】9/16 (14:00打上) 1978年：じきけん プラズマ・磁気圏観測衛星。M-3Hロケット3号機で打上。近地点227km、遠地点30,051kmという長楕円軌道で60mアンテナを用い観測を実施	107	n091601d	J_M3H	3	J_M3H_3				
09/16 14:00:00	★1988年の今日9/16 14:00、M-3Hロケット3号機でプラズマ・磁気圏観測衛星じきけんが打ち上げられました。	59	n091601t1	J_M3H	3	J_M3H_3				
09/16 07:01:00	【今日の人工衛星】9/16 (18:59打上) 1988年：さくら3号b H-Iロケット4号機で打ち上げられた通信衛星。実験衛星としては3bが最後で、この後は民間の実用衛星が打ち上げられる(1989年のJCSAT～)	108	n091602d	J_H1	4	J_H1_4				
09/16 18:59:00	★1988年の今日9/16 18:59、H-Iロケット4号機で通信衛星さくら3号bが打ち上げられました。	52	n091602t1	J_H1	4	J_H1_4				
09/17 07:00:00	【今日の人工衛星】9/17 2009年：Meteor-M（ロシアの気象衛星）Fregat/IRIS（技術試験衛星）Sumbandila（南アフリカの地球観測衛星）などがSoyuz 2-1bでまとめて打上	101	n091701d							
09/18 07:00:00	【今日の人工衛星】9/18 1964年：アポロA-102（SA-7） サターンI型ロケットの試験飛行。アポロ司令・機械船（模擬）を搭載して発射	71	n091801d							
09/19 07:00:00	【今日の人工衛星】9/19 1988年：オフェク1 イスラエルの偵察衛星の初号機。自力で衛星を打ち上げた世界で8番目の国。通常ロケットは自転を活かすため東に打ち上げるが、イスラエルは西に向けて打ち上げる	101	n091901d							
09/20 07:00:00	【今日の人工衛星】9/20 1966年：サーベイヤー2号 アメリカの無人月探査機。中間軌道修正に失敗したため月にはうまく着陸できず（衝突した）	71	n092001d							
09/21 07:00:00	【今日の人工衛星】9/21 1981年：Oreol 3 旧ソ連が諸外国と共同で推進したIntercosmos計画の衛星の1つ。12個の実験機器（うち4個が旧ソ連、7個はフランス、1個はソ仏が共同で開発）を搭載した	106	n092101d							
09/22 07:00:00	【今日の人工衛星】9/22(UTC、日本時間23日6:36打上) 2006年：ひので 太陽観測衛星。M-Vロケット7号機で打上（M-V最後の打上）。他の衛星に比べ非常に高い分解能で太陽を精密に観測できる	101	n092201d	J_M5	7	J_M5_7				
09/23 06:36:00	★2006年の今日9/23 6:36、M-Vロケット7号機で太陽観測衛星ひのでが打ち上げられました。	50	n092201t1	J_M5	7	J_M5_7				
09/22 07:01:00	【今日の人工衛星】9/22(UTC、日本時間23日6:36打上) 2006年：HIT-SAT 北海道キューブサット開発チームによる、民生部品を使って作られたアマチュア衛星。M-Vロケット7号機の打上のサブペイロードとして打上。	113	n092202d	J_M5	7	J_M5_7				
09/22 07:02:00	【今日の人工衛星】9/22(UTC、日本時間23日6:36打上) 2006年：SSSAT(ソーラーセイルサテライト) ソーラーセイルに必要な膜面展開実験を行う衛星。M-Vロケット7号機の打上のサブペイロード。信号を正常に受信できず、各種のデータを得ることは出来ず	131	n092203d	J_M5	7	J_M5_7				
09/23 07:00:00	【今日の人工衛星】9/23 1969年：コスモス300号 旧ソ連の月探査機。月からのサンプルリターンを目指したが4段目の点火に失敗し月に向かえず、ルナと命名されなかった。打上はルナ15号と16号の間。	100	n092301d							
09/24 07:00:00	【今日の人工衛星】9/24 1999年：IKONOS 2 SPACEIMAGING社(現GeoEye社)が打ち上げたリモートセンシング衛星。アメリカの規制緩和により偵察衛星の技術を転用した衛星。分解能は1m。	104	n092401d							
09/25 07:00:00	【今日の人工衛星】9/25 1992年：マーズ・オブザーバー アメリカの火星探査機。表面や大気を観測予定だったが火星近くで通信が途絶。原因は配管の破裂等が考えられている。	85	n092501d							
09/26 07:00:00	【今日の人工衛星】9/26(UTC) 1997年：STS-86 アトランティスのフライト。ロシアの宇宙ステーション「ミール」との7回目のミッション。ミールにとどまっていたアメリカの宇宙飛行士の交代も行われた。	104	n092601d							
09/27 07:00:00	【今日の人工衛星】9/27 2007年：ドーン アメリカの小惑星探査機。準惑星ケレスおよび小惑星ベスタを観測予定であり、2011年7月16日にはベスタの周回軌道に投入された。	87	n092701d							
09/28 07:00:00	【今日の人工衛星】9/28 1971年：しんせい M-4Sロケット3号機で打ち上げた日本初の科学衛星（おおすみ、たんせいは試験衛星）であり、初めての本格的な人工衛星である	85	n092801d	J_M4S	3	J_M4S_3				
09/28 13:00:00	★1971年の今日9/28 13:00、M-4Sロケット3号機で科学衛星しんせいが打ち上げられました。	51	n092801t1	J_M4S	3	J_M4S_3				
09/29 07:00:00	【今日の人工衛星】9/29 1988年：STS-26 ディスカバリーによる、チャレンジャー号事故後初の打上げ。"Return to Flight"（無事帰還することがミッション）とされた。データ中継衛星TDRS-3を放出	110	n092901d							
09/30 07:00:00	【今日の人工衛星】9/30 2001年：Starshine 3 学生教育用のアメリカのミラーボール衛星。1,500人の学生がミラーを磨いた。PICOSAT 9, PCSAT,Sapphireと同時打上。2003/1/21に大気圏に突入	117	n093001d							
10/01 07:00:00	【今日の人工衛星】10/1 2003年：Horizons-1 スカパーJSATとIntelsatが共同所有する通信衛星。北米・ハワイをカバー範囲とし、JCSAT-2Aと連携してアジア・オセアニアと通信可能。設計寿命は15年。	112	n100101d							
10/02 07:00:00	【今日の人工衛星】10/2 1966年：ESSA 3 アメリカの気象衛星。太陽同期軌道から観測を行う。ESSA 1の代替機で、雲を撮影するAVCSのみだったESSA 1に比べ可視赤外放射計が追加された	100	n100201d							
10/03 07:00:00	【今日の人工衛星】10/3 1962年：マーキュリー・アトラス8号 マーキュリー計画の有人飛行5回目。地球を6周。ウォルター・シラー飛行士はジェミニ6-A号・アポロ7号でも地球を周回、3つの計画全てで地球を周回したのは彼のみである	115	n100301d							
10/03 07:01:00	【今日の人工衛星】10/3 1985年：STS-51-J スペースシャトル・アトランティスの最初の飛行。ミッション自体は米軍の軍事ミッションで軍の通信衛星を2機放出	82	n100302d							
10/04 07:00:00	【今日の人工衛星】10/4 1957年：スプートニク1号 旧ソ連が世界で始めて打ち上げた人工衛星。バイコヌール宇宙基地よりR-7ロケットで打上。当時のアメリカにスプートニクショックを引き起こした。92日後の翌年1月4日に大気圏再突入	116	n100401d							
10/05 07:00:00	【今日の人工衛星】10/5 1984年：STS-41-G チャレンジャーの打上。初めてシャトルに定員の7人が搭乗し、居住性を検証。キャスリン・サリバン宇宙飛行士がアメリカ人の女性としては初めての船外活動(EVA)を実施。	110	n100501d							
10/06 07:00:00	【今日の人工衛星】10/6 1990年：ユリシーズ 米・欧共同事業で実施された太陽探査機。太陽の北極・南極を観測。スペースシャトルで打上。地球を出発後まず木星に向かい、スイングバイで太陽の両極を観測する軌道に投入された。	110	n100601d							
10/06 07:01:00	【今日の人工衛星】10/6(UTC,日本時間7日4:00) 2000年：N-SAT-110(SUPERBIRD-D,JCSAT-110) 旧宇宙通信、旧JSATが共同で利用した通信衛星。アリアン4ロケットで打上。110度CS放送を実施	117	n100602d							
10/07 07:00:00	【今日の人工衛星】10/7 2002年：STS-112 アトランティスの打上。外部燃料タンクに取り付けられたカメラによって、アトランティスの軌道への上昇の様子が始めて撮影されたミッション。国際宇宙ステーションの建築を実施。	111	n100701d							
10/08 07:00:00	【今日の人工衛星】10/8 2009年：WorldView-2 米DigitalGlobe社の地球観測衛星。分解能は最高で0.46m、既存のQuickbirdに比べて5倍の撮影能力を持っている。	97	n100801d							
10/09 07:00:00	【今日の人工衛星】10/9 2007年：おきな(かぐやからの分離) 月探査機かぐやの子衛星、かぐやが月の影にいるときの通信の中継を通じ月の重力を測定。同じく子衛星のおうなは10/12に分離、VLBIによる月周回運動の詳細観測を実施	115	n100901d							
10/10 07:00:00	【今日の人工衛星】10/10 1999年：DirecTV 1-R 衛星放送DirecTV用の衛星、DirecTV 1の代替機。2011年現在も運用中。	75	n101001d							
10/11 07:00:00	【今日の人工衛星】10/11 1968年：アポロ7号 アポロ計画初の有人飛行にしてアメリカの宇宙ミッション初の3人による飛行。マーキュリー・ジェミニ・アポロ計画のすべてに搭乗した唯一の宇宙飛行士であるシラーが船長であり、機材の信頼性を検証	119	n101101d							
10/12 07:00:00	【今日の人工衛星】10/12 1964年：ボスホート1号 旧ソ連の有人宇宙飛行。始めて複数の人間(3人)が宇宙に送り込まれたミッション。これはアメリカが2人飛行をジェミニ計画で成功させる前の出来事であった(3人飛行は1968/10/11)	119	n101201d							
10/12 07:01:00	【今日の人工衛星】10/12 2007年：おうな(かぐやからの分離) 月探査機かぐやの子衛星、VLBIによる月周回運動の詳細観測を実施。同じく子衛星のおきなは10/9に分離、かぐやが月の影にいるときの通信の中継を通じ月の重力を測定。	116	n101202d							
10/13 07:00:00	【今日の人工衛星】10/13(UTC,日本時間翌14日5:56) 2006年：LDREX 2 JAXAがアリアンVのサブペイロードとして打ち上げた、ETS-VIII向けの大型展開アンテナ展開実験用モジュール。展開実験は成功した。	114	n101301d							
10/14 07:00:00	【今日の人工衛星】10/14 1999年：CBERS-1 中国とブラジルが共同で打ち上げた資源探査・地球観測衛星。長征ロケット4Bで打上。2003年8月に運用停止。	82	n101401d							
10/15 07:00:00	【今日の人工衛星】10/15 1997年：カッシーニ 米・欧州の打ち上げた土星探査機。金星・金星・地球・木星の順にスウィングバイし2004年に土星軌道に投入。衛星を多数発見、また、探査機ホイヘンスを衛星タイタンに着陸させた。	112	n101501d							
10/16 07:00:00	【今日の人工衛星】10/16 1975年：GOES 1 アメリカの気象衛星GOESシリーズ初代。インド洋上に位置し気象観測を行った。引退は1985年3月。	77	n101601d							
10/17 07:00:00	【今日の人工衛星】10/17 2007年：GPS-2R17 GPS衛星。アトラスIIにて打上。新型GPS衛星（2シリーズ）の4号機	65	n101701d							
10/18 07:00:00	【今日の人工衛星】10/18 1989年：ガリレオ NASAの木星探査機。チャレンジャー号事故により打上が延期、金星・地球・地球の順にスウィングバイし1995年に木星軌道に投入。SL9彗星の木星衝突などを観測し、2003年観測に終了。	117	n101801d							
10/19 07:00:00	【今日の人工衛星】10/19 2006年：MetOp-A 欧州気象機関が製作した、欧州最初の極軌道気象衛星、10種類の機器を搭載して気象観測を行い、気象予報の精度向上に寄与	86	n101901d							
10/20 07:00:00	【今日の人工衛星】10/20 1995年：STS-73 スペースシャトル・コロンビア号の飛行。2回目の微少重力実験室(USML-2)を搭載し、微少重力下の化学実験を実施した	86	n102001d							
10/21 07:00:00	【今日の人工衛星】10/21 1998年：MaqSat 3,ARD アリアンVロケットの試験機3号機で打ち上げ（1,2号機と異なり、初めて打上に完全に成功）。MaqSat 3はW2静止衛星投入可能性の検証、ARDは大気圏再突入の実験が目的	119	n102101d							
10/22 07:00:00	【今日の人工衛星】10/22 2008年：チャンドラヤーン1号 インド初の月探査機。名前は直訳すると「月の乗り物」という意味。将来の軟着陸に備えたプローブ投下も実施。約1年で通信が途絶しミッション終了	100	n102201d							
10/23 07:00:00	【今日の人工衛星】10/23 2007年：STS-120 ディスカバリーによる飛行、国際宇宙ステーション建設(10A)に従事。映画「スター・ウォーズ」公開30周年記念行事として、エピソード6で実際に使われたルークのライトセーバーが運ばれた	119	n102301d							
10/24 07:00:00	【今日の人工衛星】10/24 2007年：嫦娥1号 中国初の月探査機。名前は中国の神話上の人物に由来。月面の撮影などの観測を行い、2009年3月に月面に衝突しミッション終了。	87	n102401d							
10/25 07:00:00	【今日の人工衛星】10/25 1965年：ジェミニ6号(標的機) 軌道上の宇宙船のランデブー・ドッキング実験を目的とした標的機だったが打上に失敗。実験は7号(12/4打上)とのランデブーにより実現した	100	n102501d							
10/26 07:00:00	【今日の人工衛星】10/26 2006年：STEREO アメリカの太陽観測衛星。2機の衛星を打ち上げて太陽の活動（太陽フレア、太陽風、コロナ質量放出（CMEs））を立体的に捉えることを目的とした	97	n102601d							
10/27 07:00:00	【今日の人工衛星】10/27 2005年：XI-V 東京大学中須賀研究室の製作した衛星。XI-IVのバックアップ機で当初は打上予定がなかったものの、太陽電池の実証ミッションが提案されたことで打ち上げられることになった	108	n102701d							
10/28 07:00:00	【今日の人工衛星】10/28(UTC,日本時間29日6:51) 2010年：BSAT-3b 日本の衛星放送を担う衛星。BS-1,3,13,15chを担当すると共に他chの予備機としても活用中、2016年時点でも運用中。	109	n102801d				20170515	修正		
10/29 07:00:00	【今日の人工衛星】10/29 1998年：STS-95 ディスカバリーによる25回目の飛行。アメリカ人初の地球周回飛行をしたョン・ハーシェル・グレン飛行士が77歳という宇宙飛行の最高齢記録を樹立。向井千秋飛行士の2回目の飛行でもある	116	n102901d							
10/30 07:00:00	【今日の人工衛星】10/30 2003年：SERVIS-1 日本の実証衛星。民生部品を人工衛星に活用可能かの実験を行った。全てのモジュールは予定通り動作した。	79	n103001d							
10/31 07:00:00	【今日の人工衛星】10/31 1973年：ビオン1号 旧ソ連の衛星。ネズミ、カメ、キノコベッド、カブトムシ、細菌胞子を搭載し、無重力状態が与える影響を観測する生物実験を行った。	88	n103101d							
11/01 07:00:00	【今日の人工衛星】11/1 1962年：マルス1号 旧ソ連の火星探査機。設計はベネラ金星探査機を流用。1963年3月21日に通信が途絶し、火星探査は断念された。通信途絶の原因は姿勢制御の異常と考えられている。	104	n110101d							
11/02 07:00:00	【今日の人工衛星】11/2 1965年：プロトン2号 旧ソ連の人工衛星。地球低軌道上で高エネルギーの宇宙線を観測。重量は12tもあった。打上ロケットは現在のプロトンロケットの初期モデルである	95	n110201d							
11/03 07:00:00	【今日の人工衛星】11/3 1973年：マリナー10号 アメリカの水星・金星探査機。マリナー計画の最後の探査機であり、人類初の水星探査、スイングバイの活用を行った探査機。	85	n110301d							
11/04 07:00:00	【今日の人工衛星】11/4 1981年：ベネラ14号 旧ソ連の金星探査機。着陸ミッションとしては最後のベネラ。13号とほぼ同時期に打ち上げられた。金星に着陸後岩石の成分や地震計による振動の計測などに成功。	102	n110401d							
11/05 07:00:00	【今日の人工衛星】11/5 1964年：マリナー3号 アメリカの火星探査機。ロケット先端のシュラウドが外れず、太陽電池パネルを開くことが出来ず、電池切れと共に機能停止。火星軌道への投入は失敗。	96	n110501d							
11/06 07:00:00	【今日の人工衛星】11/6 1966年：ルナ・オービター2号 アメリカの月探査機。アポロ計画の着陸地点調査を目的とした。1号～3号は、地球からの観測で選ばれた20ヶ所の着陸候補地を低傾斜角軌道で撮影、4,5号が月全体の地図を作成	114	n110601d							
11/07 07:00:00	【今日の人工衛星】11/7 1996年：マーズ・グローバル・サーベイヤー アメリカの火星探査機。極軌道上からの写真撮影や高度測定により火星の詳細な地図を作成。成果は後の探査計画にも活用された	95	n110701d							
11/08 07:00:00	【今日の人工衛星】11/8 1968年：パイオニア9号 アメリカの太陽探査機。地球より内側の軌道を公転しながら、太陽風などを観測。	65	n110801d							
11/09 07:00:00	【今日の人工衛星】11/9 2005年：ビーナス・エクスプレス 欧州宇宙機関ESAの金星探査機。金星探査機は欧州としては初。金星の大気を観測。当初は日本の探査機「あかつき」との共同観測も予定されたが、あかつき到着の前の2014年12月に運用終了。	123	n110901d				20170515	修正		
11/10 07:00:00	【今日の人工衛星】11/10 1970年：ルナ17号 旧ソ連の月探査機。世界で初めて月面車(ルノホート1号)を搭載。11ヶ月にわたり10km以上の距離を走行し調査を行った	85	n111001d							
11/11 07:00:00	【今日の人工衛星】11/11 1966年：ジェミニ12号 アメリカ・ジェミニ計画の最後の打上。それまで完全に成功とは言えなかった船外活動（宇宙遊泳）の実験に成功し、アポロ計画に必要な技術を習得した。	99	n111101d							
11/12 07:00:00	【今日の人工衛星】11/12 2005年：MINERVA 小惑星探査機はやぶさに搭載された小惑星探査機。2005年にはやぶさから分離されるも着陸は出来ず。18時間にわたりデータを送信し、はやぶさの写真等を地球に送った	108	n111201d							
11/12 07:01:00	【今日の人工衛星】11/12 1981年：STS-2 スペースシャトル2回目の飛行。有人の宇宙船として初めて再び宇宙に到達。ジョー・エングル船長・リチャード・トゥルーリー操縦士ともに初の宇宙飛行で、最後の全員新人によるミッションとなった	118	n111202d							
11/13 07:00:00	【今日の人工衛星】11/13 1996年：Arabsat 2B アラブ衛星通信機構による通信衛星。アリアン4ロケットで打上、現在も稼働中。中東・サハラ以北のアフリカ・地中海沿岸をカバー。	93	n111301d							
11/14 07:00:00	【今日の人工衛星】11/14 1969年：アポロ12号 アメリカの有人月探査ミッションの2回目。予備乗員達が、飛行士のチェックリストの中にPLAYBOYのグラビアをこっそり忍ばせたため、初めて月にグラビアが持ち込まれた事になった	114	n111401d							
11/15 07:00:00	【今日の人工衛星】11/15 1999年：みらい/H-IIロケット8号機 ひまわり5号の代替となる衛星となる予定だったが打上が失敗。LE-7エンジンは3000mの海底から回収・分析され、その経験は現行のLE-7Aエンジンに活かされている	118	n111501d	J_H2	8	J_H2_8				
11/15 16:29:00	★1999年の今日11/15 16:29、H-IIロケット8号機によって行われた運輸多目的衛星1号(みらい)の打ち上げは、LE-7エンジンの異常停止により失敗。異常を起こしたLE-7エンジンは3000mの海底から回収・分析され、現行のLE-7Aエンジンに活かされた	132	n111501t1	J_H2	8	J_H2_8				
11/15 07:01:00	【今日の人工衛星：番外編】11/15 1967年：X-15の191回目の飛行において事故が発生、アダムス飛行士は死亡。アメリカの宇宙空間の定義(高度50マイル)上の「宇宙飛行事故」。ただし、国際的には高度100km以上が宇宙空間。	115	n111502d							
11/16 07:00:00	【今日の人工衛星】11/16 1973年：スカイラブ4号 アメリカ初の宇宙ステーション「スカイラブ」へ乗員を送り込んだ最後のミッション。乗員は84日間滞在し、翌1974年2月8日に帰還した。	95	n111601d							
11/17 07:00:00	【今日の人工衛星】11/17 2007年：Sirius 4 (Astra 4A) SES Sirius AB社の所有するスウェーデンの通信衛星。欧州・アフリカ大陸を幅広くカバーする。	91	n111701d							
11/18 07:00:00	【今日の人工衛星】11/18 1989年：COBE 宇宙背景放射探査機。ビッグバンの名残である宇宙背景放射を全天で4年間にわたり精密に観測。背景放射の揺らぎを発見した。	84	n111801d							
11/19 07:00:00	【今日の人工衛星】11/19(UTC,日本時間20日4:46) 1997年：STS-87 コロンビア号の打上。搭乗した土井隆雄宇宙飛行士が、日本人初となる船外活動を実施。太陽観測衛星の回収などのミッションに成功。	106	n111901d							
11/20 07:00:00	【今日の人工衛星】11/20 1998年：ISS(ザーリャ) 国際宇宙ステーション。この日に最初のモジュール「ザーリャ」が打ち上げられた。アメリカの資金でロシアが製造。設計寿命は15年だが2020年までは使用可能とされている	112	n112001d							
11/21 07:00:00	【今日の人工衛星】11/21 2000年：Munin スウェーデンのオーロラ観測衛星。重さ6kgの立方体の形をした衛星で、学生が製作した。NASAの地球観測衛星EO-1と相乗り打上。	91	n112101d							
11/22 07:00:00	【今日の人工衛星】11/22 1998年：BONUM-1 ロシアの放送衛星。米・ヒューズ社(現・ボーイング)が初めてロシア向けに製造した衛星。打上もアメリカのデルタロケットで行われた。	92	n112201d							
11/23 07:00:00	【今日の人工衛星】11/23 1989年：STS-33 ディスカバリー号の9回目のフライト。5日間の飛行で、主目的は軍事衛星の打ち上げだった。	71	n112301d							
11/24 07:00:00	【今日の人工衛星】11/24 2002年：STS-113 エンデバー号の19回目、国際宇宙ステーションの建築16回目のフライト。P1トラスを輸送し設置。コロンビア号事故の前の最後の打ち上げだった。	98	n112401d							
11/25 07:00:00	【今日の人工衛星】11/25 1975年：Bion 3 旧ソ連が打ち上げた科学衛星。生物実験を行った。旧ソ連とアメリカの協定に基づき、初めてアメリカの実験モジュールが搭載された回でもある。	94	n112501d							
11/26 07:00:00	【今日の人工衛星】11/26 1989年：Kvant 2 旧ソ連が打ち上げたミール宇宙ステーションのモジュール。3個目のモジュールに当たり、姿勢制御・生命維持機能を強化、船外活動用のエアロックを追加した。	102	n112601d							
11/27 07:00:00	【今日の人工衛星】11/27(UTC,日本時間28日6:27) 1997年：きく7号(おりひめ・ひこぼし) 軌道上での人工衛星の自動ランデブー・ドッキング技術を習得した衛星。この技術は後にHTV(こうのとり)にも活用、高い評価を得た。	117	n112701d	J_H2	6	J_H2_6				
11/28 06:27:00	★1997年の今日11/28 6:27、H-IIロケット6号機できく7号(おりひめ・ひこぼし)と熱帯降雨観測衛星TRMMが打ち上げられました。	71	n112701t1	J_H2	6	J_H2_6				
11/27 07:01:00	【今日の人工衛星】11/27(UTC、日本時間28日6:27) 1997年：TRMM 日本の打ち上げた熱帯降雨観測衛星。熱帯域の降雨状況を観測。当初予定の寿命3年を越えても安定して動作、2014年打上のGPM打上まで16年以上運用され、2015年に完全に運用を停止した。	135	n112702d	J_H2	6	J_H2_6	20170515	修正		
11/28 07:00:00	【今日の人工衛星】11/28 2009年：情報収集衛星光学3号機(IGS-5A) 日本の事実上の偵察衛星の(失敗分を含めて)8機目。分解能は60cm級とされる。H-IIAロケット16号機で打上。2017年9月に運用停止。 https://www.cas.go.jp/jp/houdou/pdf/170915satellite.pdf	166	n112801d	J_H2A	16	J_H2A_16	20170920	修正		
11/28 10:21:00	★2009年の今日11/28 10:21、H-IIAロケット16号機で情報収集衛星光学3号機(IGS-5A)が打ち上げられました。	65	n112801t1	J_H2A	16	J_H2A_16				
11/29 07:00:00	【今日の人工衛星】11/29 2003年：情報収集衛星光学・レーダー2号機(IGS-2A/B) H-IIAロケット6号機で打上たが、SRB-Aの分離失敗によりロケットが指令破壊され喪失。これ以降実証衛星以外の2機同時打上は行われなくなった	119	n112901d	J_H2A	6	J_H2A_6				
11/29 13:33:00	★2003年の今日11/29 13:33、H-IIAロケット6号機によって行われた情報収集衛星光学・レーダー2号機(IGS-2A/B)の打ち上げは、SRB-Aの分離失敗により失敗。これ以降実証衛星以外の2機同時打上は行われなくなった。	117	n112901t1	J_H2A	6	J_H2A_6				
11/30 07:00:00	【今日の人工衛星】11/30 1962年：ゾンド2号 旧ソ連の火星探査機。マルス1号と同型の設計だが降下機を搭載していた。太陽電池パネルの故障は対応できたが通信システムの故障により火星の観測は行えず	99	n113001d							
12/01 07:00:00	【今日の人工衛星】12/1 1992年：Superbird A-1 日本の宇宙通信(現・スカパーJSAT)が打ち上げた通信衛星。アリアン4ロケットで打上。現在は運用終了している。	89	n120101d							
12/02 07:00:00	【今日の人工衛星】12/2 1990年：ソユーズTM-11 TBS所属の秋山豊寛飛行士が日本人として初めて宇宙を訪れた。ちなみに秋山飛行士が帰還したのは先にミールにドッキングしていたソユーズTM-10である	103	n120201d							
12/03 07:00:00	【今日の人工衛星】12/3 2014年：はやぶさ2 小惑星探査機。「はやぶさ」後継機として小惑星1999 JU3(打ち上げ後にリュウグウと命名)と往復、2020年12月6日にサンプルリターンに成功。小惑星1998KY26を目指す拡張ミッションを実施中	125	n120301d	J_H2A	26	J_H2A_26	20210217	追加		
12/03 13:22:04	★2014年の今日12/03 13:22:04、H-IIAロケット26号機で小惑星探査機「はやぶさ2」が打ち上げられました。	62	n120301t1	J_H2A	26	J_H2A_26	20240225	追加		
12/05 14:30:00	【お帰りはやぶさ2カプセル・帰還4周年】12/05 14:30 リュウグウのサンプルを格納したカプセルの切り離しに成功したことを確認	66	n120301t2	J_H2A	26	J_H2A_26	20240614	修正		
12/05 16:31:00	【お帰りはやぶさ2カプセル・帰還4周年】12/05 16:31 カプセル分離後、地球圏離脱のための軌道修正TCM-5の成功を確認。はやぶさ2は拡張ミッションへの軌道に乗り移った。	89	n120301t3	J_H2A	26	J_H2A_26	20240614	修正		
12/06 02:54:00	【お帰りはやぶさ2カプセル・帰還4周年】12/06 02:54 はやぶさ2カプセル、ウーメラ砂漠に着陸を果たした。 	58	n120301t4	J_H2A	26	J_H2A_26	20240614	修正		
12/03 07:01:00	【今日の人工衛星】12/3(日本時間) 1997年：JCSAT-1B 日本のJSAT(現・スカパーJSAT)が打ち上げた通信衛星。アリアン4ロケットで打ち上げられ、現在も運用中である。	92	n120302d							
12/04 07:00:00	【今日の人工衛星】12/4 1996年：マーズ・パスファインダー アメリカの火星探査機。着陸の衝撃をエアバックで緩和するという独特の着陸方式を用いた。	75	n120401d							
12/05 07:00:00	【今日の人工衛星】12/5 2001年：STS-108 スペースシャトル・エンデバーの飛行。アメリカ同時多発テロ後最初の打上であり、同時多発テロの犠牲者を悼んで多数の小さなアメリカ国旗が掲げられ、遺族に贈られた	105	n120501d							
12/06 07:00:00	【今日の人工衛星】12/6 1958年：パイオニア3号 アメリカの月探査機。打上時のエンジンの噴射が3.7秒短かったため適切な軌道に投入できなかったが、ヴァンアレン帯の観測データを地球に送ってきた	98	n120601d							
12/07 07:00:00	【今日の人工衛星】12/7 1972年：アポロ17号 米・アポロ計画最後の打上。アポロ計画では初の夜間打上となった。有名な https://ja.wikipedia.org/wiki/%E3%83%95%E3%82%A1%E3%82%A4%E3%83%AB:The_Earth_seen_from_Apollo_17.jpg 青い地球の写真は17号で撮影されたもの。着陸船の離陸も撮影された	195	n120701d				20230609	URL正規化		
12/08 07:00:00	【今日の人工衛星】12/8 1976年：ISEE-3/ICE アメリカのハレー彗星観測衛星。当初は太陽風観測が目的だったが4回のスイングバイ等を経てハレー彗星観測に転用。長らく機器が機能していたため、再利用のためのクラウドファンディングが成立するも、再利用自体は成功せず。	136	n120801d				20170515	修正		
12/08 07:01:00	【今日の人工衛星】12/8 2006年：WildBlue 1 アメリカの通信衛星。アリアン5 ECAロケットで打上。アメリカ各地に高速インターネット接続を提供。	80	n120802d							
12/09 07:00:00	【今日の人工衛星】12/9 2007年：COSMO-SkyMed2 イタリアの軍民が共用する地球観測衛星。資金は国防省が提供。アメリカのデルタ2ロケットで打上げられ、太陽同期準極軌道に投入された	97	n120901d							
12/10 07:00:00	【今日の人工衛星】12/10(UTC) 2006年：STS-116 スペースシャトル・ディスカバリーのフライト。39B発射台からのスペースシャトルの最後の打上(その後アレスロケット用に改修された)	98	n121001d							
12/11 07:00:00	【今日の人工衛星】12/11 1998年：マーズ・クライメイト・オービター アメリカの火星探査機。計算ミス(メートル法で計算すべきところをポンドで計算した)により予定より低い高度の軌道に投入されたため、大気の圧力・摩擦で破壊された。	116	n121101d							
12/12 07:00:00	【今日の人工衛星】12/12 1970年：ウフル(Uhuru) アメリカが打ち上げた世界初のX線天文衛星。ケニア沖から打ち上げられ、ケニアの独立記念日だったことによりスワヒリ語の「自由」という意味のUhuruという名前になった	113	n121201d							
12/13 07:00:00	【今日の人工衛星】12/13 1967年：パイオニア8号 アメリカの太陽観測衛星。惑星間の太陽風、太陽磁場、宇宙線を精密に観測することが目的。	71	n121301d				20180404	修正		
12/14 07:00:00	【今日の人工衛星】12/14 2002年：みどりII 地球観測衛星。太陽電池パネル故障で通信途絶した「みどり」の後継機で、次世代のみどりとして「II」を名乗ったが、約1年で電源の不調により通信途絶。	99	n121401d	J_H2A	4	J_H2A_4				
12/14 10:31:00	★2002年の今日12/14 10:31、H-IIAロケット4号機で地球観測衛星みどりII、小型実証衛星マイクロラブサット、鯨生態観測衛星観太くんが打ち上げられました。	84	n121401t1	J_H2A	4	J_H2A_4				
12/14 07:01:00	【今日の人工衛星】12/14 2002年：マイクロラブサット みどりII と同時に打ち上げられた技術実証目的の小型衛星。若手衛星開発技術者の育成、小型衛星バス技術の確立と先端技術の実証が目的。	96	n121402d	J_H2A	4	J_H2A_4				
12/14 07:02:00	【今日の人工衛星】12/14 2002年：観太くん 日本初の大学衛星。鯨生態観測衛星。鯨に取り付けた発信器の信号を受信する予定だったが鯨に発信器がつけられず、結果的にはツキノワグマ・モンゴルの馬などの生態を観測した。	108	n121403d	J_H2A	4	J_H2A_4				
12/15 07:00:00	【今日の人工衛星】12/15 1977年：さくら 日本の通信衛星、アメリカで打上。通信衛星技術の獲得に貢献し、8年間運用された。	64	n121501d							
12/15 07:01:00	【今日の人工衛星】12/15 1984年：ヴェガ1号 ハレー彗星観測と金星探査を目的とした旧ソ連の探査機。同年12/21打上のヴェガ2号と2機で観測を実施。他の米・欧・日の4機の探査機と共にハレー彗星を観測、ハレー艦隊の一員と呼ばれる	117	n121502d							
12/16 07:00:00	【今日の人工衛星】12/16 1965年：パイオニア6号 アメリカの太陽観測衛星。パイオニア8号と同様に現在でも正常に動作しており、観測データとしては活用されないものの、時折交信が行われている	96	n121601d							
12/17 07:00:00	【今日の人工衛星】12/17 2004年：AMC 16 米・SES AMERICOM社の通信衛星。デルタV型ロケットの4回目の打上で静止軌道に投入。	74	n121701d							
12/18 07:00:00	【今日の人工衛星】12/18 2006年：きく8号 移動体通信の実験のための通信衛星。テニスコート相当のサイズのアンテナを2枚もち、小型の携帯電話でも衛星通信を実現。東日本大震災でも被災地の一部の自治体への通信支援を実施した	112	n121801d	J_H2A	11	J_H2A_11				
12/18 15:32:00	★2006年の今日12/18 15:32、H-IIAロケット11号機で技術試験衛星きく8号が打ち上げられました。	56	n121801t1	J_H2A	11	J_H2A_11				
12/19 07:00:00	【今日の人工衛星】12/19 1960年：マーキュリー・レッドストーン1A マーキュリー計画で初めてレッドストーンロケットを使用した発射実験。15分間の飛行。最終的な有人飛行もレッドストーンロケットで実施された	105	n121901d							
12/20 07:00:00	【今日の人工衛星】12/20 2000年：LDREX きく8号に搭載されたアンテナの展開実験を行った実験モデル。展開が途中で一時停止したため、展開をカメラ映像で確認できなかった。実験は2006年に再度行われ、成功が確認された	112	n122001d							
12/21 07:00:00	【今日の人工衛星】12/21 1968年：アポロ8号 アポロ計画2回目の有人飛行で、初めて月を周回して帰還。月面の奥に地球の出が見える写真はこれで撮影された。当初は月まで行かない予定だったが旧ソ連に負けないための急な予定変更であった	116	n122101d				20180404	修正		
12/21 07:01:00	【今日の人工衛星】12/21 1984年：ヴェガ2号 ハレー彗星観測と金星探査を目的とした旧ソ連の探査機。同年12/15打上のヴェガ1号と2機で観測を実施。金星に降下ユニットを送り込んで観測後、ハレー彗星を観測。	106	n122102d							
12/21 07:02:00	【ハレー艦隊】1986年のハレー彗星観測するハレー艦隊は打上順にICE(1976/12/8),ヴェガ1・2、さきがけ(1985/1/7)、ジオット(7/2)、すいせい(8/18)の6機	92	n122103d							
12/22 07:00:00	【今日の人工衛星】12/22 2007年：Horizons 2 日本のスカパーJSATとインテルサットが共同で打ち上げた通信衛星。北米・カリブ海向けの通信サービスを提供。	85	n122201d							
12/23 07:00:00	【今日の人工衛星】12/23 2008年：Fengyun 2E　中国の静止衛星軌道に投入された気象衛星。東経123度の位置で現在運用中であり、現時点で最新。人工衛星破壊実験の対象にされたFengyun 1Cは極軌道の衛星。	111	n122301d							
12/24 07:00:00	【今日の人工衛星】12/24 2006年：Meridian ロシアの通信衛星。ソユーズロケットで打ち上げられた。航空機・船舶との通信や、シベリアなどロシア極東の通信を担う。	86	n122401d							
12/25 07:00:00	【今日の人工衛星】12/25 2004年：ホイヘンス・プローブ　欧州宇宙機関の惑星探査機。土星探査機カッシーニからこの日分離され、衛星タイタンへ着陸した。大気の観測・地表の写真だけではなく、風の音も観測した。	104	n122501d							
12/26 07:00:00	【今日の人工衛星】12/26 1974年：サリュート4　旧ソ連の宇宙ステーション。サリュート計画で2機目にあたる。約2年間の運用のうち、人間が搭乗したのは3ヶ月程度だった。1977年2月2日に大気圏に突入し消滅。	106	n122601d							
12/27 07:00:00	【今日の人工衛星】12/27 1990年：Raduga 1-2　旧ソ連の通信衛星。プロトンロケットで打上。電話・電信や、中央のテレビ放送を配信するための通信を行った。	83	n122701d							
12/28 07:00:00	【今日の人工衛星】12/28 1995年：Echo Star 1　静止軌道上にあるアメリカの通信衛星。長征2Eロケットで打上。主に衛星放送を担い、アメリカ大陸で50cm程度のパラボラアンテナで受信可能。	101	n122801d							
12/29 07:00:00	【今日の人工衛星】12/29 2005年：AMS 23　静止軌道上にあるアメリカの通信衛星。打ち上げ前はWorldsat3という名所だった。プロトンMロケットで打上。こちらは音声・映像・インターネット通信をアジア太平洋地域に提供。	115	n122901d							
12/30 07:00:00	【今日の人工衛星】12/30 1995年：X-Ray Timing Explorer　NASAの科学衛星。白色矮星・中性子星・ブラックホールなどの観測を目的に打ち上げられた。	87	n123001d							
12/31 07:00:00	【今日の人工衛星】12/31 なんと、NSSDCカタログ上、この日に打ち上げられた人工物は存在しません。年末ですから、何らかのトラブルを避けるため、だったのでしょうか…？ 今年もどうもありがとうございました。来年もよろしくお願いいたします	119	n123101d							
